0.01,0,0.0,0.0,0.633582,0.0,0.023596,0.153187,-0.10927,0.015454,-0.13749,-0.004997,0.007705,-0.012599,-0.000956,-0.010388,0.008096,0.00014,0.001207,-0.010142
0.01,0,0.0,0.0,0.673582,0.0,0.023596,0.153613389,-0.10927,0.015454,-0.13749,-0.004997,0.007705,-0.012599,-0.000956,-0.010388,0.008096,0.00014,0.001207,-0.010142
0.11,0,-0.000274,5.8e-05,0.673565,-0.001307,0.023612,0.154011277,-0.110298,0.015426,-0.137505,-0.005026,0.007824,-0.012809,-0.001485,-0.009609,0.007622,-6.2e-05,0.001924,-0.009448
0.21,0,-0.000825,0.000129,0.673568,-0.003676,0.023611,0.154380663,-0.110879,0.01529,-0.137435,-0.006746,0.009305,-0.012789,-0.015378,-0.008822,0.006115,-0.000494,0.016643,-0.008496
0.31,0,-0.003572,0.000333,0.673543,-0.007496,0.023566,0.154721547,-0.110401,0.015189,-0.137456,-0.007569,0.006608,-0.005916,-0.123391,0.0,-0.00013,-0.004977,0.114986,-0.00342
0.41,0,-0.009145,0.000387,0.673615,-0.014672,0.023295,0.155033931,-0.108637,0.014872,-0.137406,-0.010292,-0.00895,0.029453,-0.333683,0.0,-0.02252,-0.026403,0.346232,0.0
0.51,0,-0.013632,0.000467,0.673725,-0.015514,0.023177,0.155317813,-0.108239,0.014622,-0.137305,-0.01194,-0.041934,0.074141,-0.534761,0.0,-0.070597,-0.051653,0.505387,0.0
0.61,0,-0.023921,0.002139,0.673575,-0.013066,0.022731,0.155573193,-0.104861,0.014253,-0.137216,-0.014435,-0.108152,0.141007,-0.894926,0.0,-0.147709,-0.086747,0.865044,0.0
0.71,0,-0.027573,0.001707,0.674081,-0.01055,0.022221,0.155800072,-0.101677,0.013783,-0.137122,-0.017504,-0.260084,0.236141,-1.1236,-0.056371,-0.303497,-0.124184,1.09153,-0.002913
0.81,0,-0.027719,-0.000127,0.675243,-0.016295,0.02166,0.15599845,-0.098511,0.013258,-0.136946,-0.020318,-0.463108,0.327779,-1.2282,-0.143897,-0.511469,-0.161329,1.26769,-0.041286
0.91,0,-0.027152,-0.002415,0.676722,-0.029494,0.02121,0.156168326,-0.098739,0.012517,-0.136737,-0.026546,-0.677288,0.419377,-1.32709,-0.249982,-0.758616,-0.168353,1.39608,-0.075467
1.01,0,-0.026293,-0.005896,0.678187,-0.042493,0.020848,0.1563097,-0.097871,0.01184,-0.136592,-0.032077,-0.873729,0.49087,-1.37736,-0.352886,-1.00538,-0.145141,1.48392,-0.107958
1.11,0,-0.025533,-0.00924,0.67936,-0.054571,0.020473,0.156422574,-0.096339,0.011509,-0.136534,-0.033116,-1.04073,0.539435,-1.38482,-0.435526,-1.22963,-0.102145,1.54841,-0.127975
1.21,0,-0.025141,-0.012313,0.680521,-0.061232,0.020176,0.156506946,-0.095492,0.011308,-0.13645,-0.033669,-1.18033,0.557117,-1.35033,-0.495449,-1.41454,-0.059599,1.5708,-0.147373
1.31,0,-0.025602,-0.01355,0.681563,-0.063393,0.019789,0.156562816,-0.094631,0.01091,-0.136151,-0.036735,-1.30112,0.5471,-1.3042,-0.536931,-1.56005,-0.032411,1.5708,-0.174808
1.41,0,-0.026661,-0.013441,0.68216,-0.059797,0.0193,0.156590185,-0.091875,0.010508,-0.136141,-0.038835,-1.40957,0.529392,-1.28337,-0.57186,-1.67835,-0.014895,1.56076,-0.197118
1.51,0,-0.027907,-0.013135,0.682589,-0.05123,0.018809,0.156589053,-0.088474,0.010259,-0.136136,-0.040495,-1.50738,0.501498,-1.27643,-0.594291,-1.77421,-0.005116,1.54176,-0.215878
1.61,0,-0.02936,-0.012414,0.682811,-0.040105,0.018308,0.156559419,-0.085278,0.010047,-0.136091,-0.041301,-1.58487,0.464291,-1.26078,-0.609132,-1.84657,-0.008364,1.52815,-0.238099
1.71,0,-0.031029,-0.011342,0.682586,-0.029189,0.017721,0.156501284,-0.078272,0.00971,-0.136137,-0.042809,-1.63187,0.435223,-1.22634,-0.634387,-1.89521,-0.023328,1.49676,-0.267073
1.81,0,-0.033397,-0.011221,0.681597,-0.029182,0.01668,0.156414647,-0.074654,0.008445,-0.136994,-0.052325,-1.6293,0.4376,-1.16058,-0.69323,-1.90673,-0.041802,1.445,-0.323064
1.91,0,-0.036428,-0.010979,0.679603,-0.042088,0.013875,0.156299509,-0.036057,0.006629,-0.139542,-0.066895,-1.55598,0.489867,-1.06294,-0.802538,-1.86118,-0.074829,1.37602,-0.404439
2.01,0,-0.036737,-0.012183,0.677844,-0.071905,0.013237,0.156155869,-0.017464,0.006443,-0.140184,-0.072029,-1.3876,0.60512,-0.938657,-0.950121,-1.76032,-0.112859,1.30634,-0.492247
2.11,0,-0.035307,-0.0132,0.676022,-0.118468,0.013729,0.155983728,-0.007007,0.005502,-0.14072,-0.096898,-1.16574,0.738161,-0.810951,-1.07113,-1.623,-0.134428,1.2337,-0.558786
2.21,0,-0.033873,-0.012892,0.673131,-0.155067,0.013552,0.155783086,0.00748,0.00452,-0.140727,-0.114001,-0.958822,0.795663,-0.71408,-1.11512,-1.4608,-0.163713,1.18654,-0.610111
2.31,0,-0.033028,-0.01111,0.668177,-0.163978,0.012477,0.155553942,0.033951,0.003266,-0.140565,-0.129206,-0.811408,0.756524,-0.672935,-1.06953,-1.29433,-0.206375,1.13301,-0.637025
2.41,0,-0.031624,-0.008646,0.661492,-0.155291,0.011705,0.155296297,0.039166,0.002343,-0.140519,-0.13693,-0.7132,0.663659,-0.666414,-0.966607,-1.13137,-0.256676,1.06536,-0.656666
2.51,0,-0.030056,-0.007903,0.653093,-0.140385,0.010445,0.15501015,0.051046,0.001399,-0.140713,-0.146814,-0.639978,0.570766,-0.67593,-0.859721,-0.990534,-0.286725,1.02257,-0.640753
2.61,0,-0.028419,-0.008913,0.64366,-0.125211,0.00914,0.154695502,0.06279,0.000559,-0.141005,-0.15564,-0.576045,0.486447,-0.679902,-0.760919,-0.869724,-0.292344,0.991299,-0.610051
2.71,0,-0.024852,-0.009677,0.632993,-0.110506,0.008661,0.154352352,0.070087,0.000228,-0.141141,-0.161124,-0.521924,0.410725,-0.681601,-0.66401,-0.763738,-0.284276,0.970655284,-0.569167
2.81,0,-0.020891,-0.010669,0.621425,-0.099618,0.008576,0.153980701,0.077363,0.000376,-0.141206,-0.160236,-0.477115,0.356491,-0.701648,-0.580356,-0.672379,-0.267211,0.949499096,-0.51248
2.91,0,-0.019448902,-0.011748,0.610058,-0.086661119,0.008613,0.153580549,0.084784,0.000756,-0.141207,-0.156436,-0.439016,0.318561,-0.717048,-0.501712,-0.596208,-0.239762,0.927830435,-0.443428
3.01,0,-0.018132428,-0.01141,0.60143,-0.073542733,0.009019,0.153151895,0.091643256,0.001357,-0.141082,-0.151509,-0.401425,0.278086,-0.713949,-0.429572,-0.523084,-0.202327,0.884179766,-0.37643
3.11,0,-0.016941579,-0.009389,0.596084,-0.060262843,0.009481,0.15269474,0.095376031,0.001975,-0.140842,-0.143222,-0.367345,0.222906,-0.656327,-0.354045,-0.459227,-0.147702,0.848298393,-0.324372938
3.21,0,-0.015876353,-0.004747,0.594271,-0.046821448,0.00914,0.152209083,0.098573239,0.002429,-0.140468,-0.135189,-0.347272,0.166464,-0.58915,-0.290126,-0.403018,-0.087354,0.821119971,-0.275519002
3.31,0,-0.014936752,0.001729,0.595573,-0.033218548,0.007837,0.151694925,0.101234879,0.003106,-0.140123,-0.120115,-0.34026,0.117121,-0.523157,-0.236822,-0.361847,-0.028893,0.800558057,-0.22986819
3.41,0,-0.014122776,0.008721,0.598448,-0.019454144,0.006408,0.151152266,0.103360953,0.004471,-0.141641184,-0.092575,-0.335845,0.076645,-0.478357,-0.200714,-0.331617,0.020934,0.786612651,-0.187420502
3.51,0,-0.013434423,0.016328,0.601447,-0.005528235,0.005489,0.150581105,0.104951459,0.005548,-0.142872055,-0.070413,-0.325298,0.034172,-0.481954,-0.144795,-0.300288,0.059623,0.779283751,-0.14817594
3.61,0,-0.012871695,0.02407,0.60589,0.008559179,0.005292,0.149981442,0.106006398,0.003765518,-0.143618733,-0.030109404,-0.285287,0.002919,-0.518807,-0.108238,-0.27908,0.093333,0.778571358,-0.112134502
3.71,0,-0.012434591,0.033329,0.613167,0.022808097,0.005202,0.149353279,0.106525771,0.001366169,-0.144408437,0.000830288,-0.237056,-0.012682,-0.645194,-0.074682,-0.271395,0.116995,0.784475473,-0.087271004
3.81,0,-0.012123112,0.045508,0.623297,0.03721852,0.005485,0.148696613,0.106509576,-0.001650048,-0.145241169,0.022406075,-0.208202,-0.017628,-0.725814,-0.052855,-0.279226,0.128748,0.796996095,-0.067826592
3.91,0,-0.011937257,0.060072,0.635484,0.034147963,0.006689,0.147871723,0.105957813,-0.005283132,-0.146116928,0.034617957,-0.200269,-0.001728,-0.811718,-0.045064,-0.296876,0.12434,0.816133224,-0.053801268
4.01,0,-0.011877026,0.075671,0.646659,0.032801784,0.007882,0.147055611,0.104870484,-0.009533083,-0.147035715,0.037465934,-0.207359,0.054263,-0.949588,-0.062017,-0.321781,0.114647,0.84188686,-0.04519503
4.11,1,-0.011942419,0.089456,0.655375,0.033179985,0.008989,0.146248277,0.103247588,-0.014399902,-0.147997528,0.030950006,-0.228694,0.160264,-1.06732,-0.122292,-0.37068,0.127309,0.874257003,-0.042007879
4.21,1,-0.012133437,0.098576,0.661821,0.035282564,0.00966,0.145449722,0.101089124,-0.019883588,-0.149002369,0.015070173,-0.299862,0.295023,-1.14858,-0.207986,-0.403445,0.157685,0.868937551,-0.044239816
4.31,1,-0.012450079,0.103442,0.667984,0.039109523,0.008797,0.144659945,0.098395094,-0.028002845,-0.150050237,-0.010173565,-0.418635,0.439239,-1.19101,-0.327482,-0.419792,0.192925,0.869757303,-0.051890839
4.41,1,-0.012892345,0.104198,0.671197,0.029080629,0.007425,0.143878946,0.095165496,-0.035618176,-0.151141131,-0.044781208,-0.57006,0.561146,-1.1688,-0.473963,-0.432469,0.228374,0.876716259,-0.06496095
4.51,1,-0.013460235,0.102487,0.671795,0.014350822,0.006457,0.143106726,0.091400331,-0.04272958,-0.152275054,-0.088752755,-0.708895,0.613698,-1.09124,-0.644297,-0.436107,0.243608,0.889814419,-0.083450147
4.61,1,-0.013547658,0.097368,0.672854,-0.005079897,0.005659,0.142343284,0.087099599,-0.049337058,-0.153452003,-0.232093015,-0.798824,0.580145,-0.934757,-0.798592,-0.438457,0.23384,0.909051783,-0.107358432
4.71,1,-0.013670263,0.091924,0.674723,-0.029211529,0.005294,0.14158862,0.0822633,-0.055440609,-0.154671979,-0.36528648,-0.825158,0.501754,-0.768123,-0.907056,-0.442584,0.174478,0.934428351,-0.126298875
4.81,1,-0.01382805,0.086584,0.67576,-0.058044073,0.005806,0.140842735,0.076891434,-0.061040234,-0.155934983,-0.488333151,-0.808263,0.444585,-0.639867,-0.999761,-0.465575,0.103279412,0.965944122,-0.160256868
4.91,1,-0.014021019,0.081078,0.674781,-0.09157753,0.006677,0.140105627,0.070984,-0.066135932,-0.157241014,-0.601233027,-0.772921,0.41429,-0.540968,-1.07564,-0.511689,0.03703807,1.003599098,-0.198193684
5.01,1,-0.01424917,0.074246,0.672298,-0.1298119,0.007828,0.139377299,0.064541,-0.070727704,-0.158590072,-0.703986108,-0.728882,0.383685,-0.47589,-1.12636,-0.571109,-0.024246026,1.047393277,-0.240109324
5.11,1,-0.014512502,0.064427,0.669136,-0.172747182,0.008876,0.138657748,0.038697,-0.07481555,-0.159982157,-0.796592396,-0.684513,0.359929,-0.454935,-1.15453,-0.633588,-0.080572876,1.097326661,-0.275505145
5.21,1,0.016162677,0.051053,0.665005,-0.220383376,0.010354,0.137946976,0.006997,-0.078399469,-0.16141727,-0.879051889,-0.666523,0.311432,-0.44094,-1.13981,-0.71021,-0.131942479,1.164431916,-0.325614963
5.31,1,0.038681497,0.033611,0.660375,-0.272720483,0.012009,0.137244982,-0.037778,-0.08020555,-0.162895409,-0.951364587,-0.658054,0.226157,-0.406389,-1.0916,-0.808658,-0.178354837,1.23806,-0.37686524
5.41,1,0.058040912,0.016457,0.655582,-0.347912655,0.013752,0.136551766,-0.080685,-0.080533507,-0.164416576,-0.961663891,-0.657716,0.135938,-0.357011,-1.02603,-0.927029,-0.194300949,1.27059,-0.429255976
5.51,1,0.074240923,-0.003039,0.648964,-0.408628636,0.014873,0.135867329,-0.097035,-0.079383339,-0.16598077,-0.970829265,-0.66342,0.047295,-0.319982,-0.925799,-1.04435,-0.209467004,1.3209,-0.482787173
4.61,1,0.087281529,-0.033540152,0.63735,-0.465438434,0.016279,0.13519167,-0.111801,-0.026755047,-0.167587991,-0.978860709,-0.676251,-0.036485,-0.271992,-0.797015,-1.15908,-0.223853,1.37991,-0.537458828
5.71,0,0.097162731,-0.06044769,0.633744,-0.518342049,0.017489,0.134524789,-0.175897082,-0.082209637,-0.169238239,-0.985758224,-0.710481,-0.126777,-0.213732,-0.654091,-1.26573,-0.237458937,1.42325,-0.593270944
5.81,0,0.103884528,-0.083761615,0.633622,-0.567339481,0.01828,0.133866687,-0.231026797,-0.085642128,-0.170931515,-0.991521808,-0.756969,-0.198564,-0.132275,-0.521997,-1.38156,-0.250284817,1.42446,-0.650223518
5.91,0,0.107446921,-0.103481926,0.631485,-0.61243073,0.018854,0.133217363,-0.277190146,-0.08282588,-0.172667817,-0.996151463,-0.816183,-0.249092,-0.043046,-0.389322,-1.51646,-0.262330638,1.42976,-0.708316553
6.01,0,0.107849909,-0.119608624,0.627198,-0.653615795,0.019954,0.132576817,-0.314387127,-0.080385776,-0.174447147,-0.999647188,-0.881586,-0.279076,0.030163,-0.266427,-1.65151,-0.2735964,1.41428,-0.767550047
6.11,0,0.105093492,-0.132141708,0.621728,-0.690894677,0.022001,0.131945049,-0.342617741,-0.080241142,-0.176269504,-1.002008983,-0.947386,-0.313921,0.088907,-0.207287804,-1.78101,-0.284082104,1.40532,-0.827924
6.21,0,0.099177671,-0.141081179,0.616127,-0.724267376,0.025575,0.13132206,-0.361881989,-0.079920475,-0.178134888,-1.003236849,-1.0129,-0.34358,0.127007,-0.157845275,-1.90835,-0.29378775,1.4043,-0.894266
6.31,0,0.09807964,-0.145775145,0.613057,-0.753733892,0.032304,0.130707849,-0.37217987,-0.079423777,-0.180043299,-1.003330784,-1.04192,-0.349066,0.134902,-0.11809941,-2.01149,-0.302713337,1.3703,-0.978332
6.41,2,0.097166121,-0.150429753,0.614281,-0.779294225,0.040865,0.130102417,-0.373511384,-0.078751047,-0.181994738,-1.00229079,-1.01683,-0.349066,0.064413,-0.08382256,-2.08387,-0.310858866,1.33947,-1.07397
6.51,2,0.096437115,-0.155045004,0.61777,-0.800948374,0.051541,0.129505763,-0.36587653,-0.077902285,-0.183989204,-1.000116866,-0.964884,-0.349066,-0.047844,-0.065316867,-2.11509,-0.318224337,1.30975,-1.17344
6.61,2,0.096702304,-0.156037697,0.621261,-0.818696341,0.061212,0.128917887,-0.34927531,-0.076877492,-0.186026696,-0.996809012,-0.889523,-0.349066,-0.181068,-0.062582332,-2.09682,-0.324809749,1.26789,-1.26608
6.71,2,0.096999151,-0.156999798,0.626726,-0.832538124,0.075435453,0.128338789,-0.323707723,-0.075676666,-0.188107217,-0.992367228,-0.805419,-0.349066,-0.395713,-0.075618954,-2.06602,-0.330615103,1.23755,-1.37623
6.81,2,0.097327656,-0.157931308,0.633376,-0.842473724,0.089173483,0.12776847,-0.28917377,-0.074299809,-0.190230764,-0.986791515,-0.723168,-0.349066,-0.692563,-0.104426734,-2.0275,-0.335640398,1.22315,-1.50517
6.91,2,0.097687819,-0.158832226,0.639711,-0.848503141,0.101182263,0.127206929,-0.245673449,-0.072746921,-0.192397338,-0.980081872,-0.643014,-0.349066,-0.923773,-0.149005672,-1.98639,-0.339885635,1.2156,-1.62962
7.01,2,0.09807964,-0.159702553,0.644846,-0.850626374,0.111461796,0.126654166,-0.193206761,-0.071018,-0.19460694,-0.972238298,-0.579597,-0.349066,-1.04586,-0.209355768,-1.94847,-0.343350814,1.19568,-1.69422
7.11,2,0.098503119,-0.160542288,0.648147,-0.848843425,0.12001208,0.126110182,-0.131773707,-0.06947,-0.196859568,-0.963260795,-0.538827,-0.349066,-1.10948,-0.285477021,-1.89763,-0.346035934,1.16344,-1.71343
7.21,2,0.098958256,-0.161351432,0.647984,-0.843154292,0.126833116,0.125574976,-0.061374285,-0.069354,-0.199155224,-0.953149363,-0.513515,-0.349066,-1.07817,-0.377369432,-1.83294,-0.347940996,1.12652,-1.70309
7.31,2,0.099445052,-0.162129985,0.644611,-0.833558976,0.131924904,0.125048548,0.017991503,-0.069637,-0.201493907,-0.944334105,-0.519547,-0.28749,-1.04755,-0.485033,-1.78286,-0.349066,1.09475,-1.67844
7.41,2,0.099963505,-0.162877946,0.638294,-0.820057477,0.135287444,0.124530898,0.106323658,-0.069338,-0.203875618,-0.932716715,-0.519078,-0.184725,-1.02725,-0.609014,-1.71978,-0.349066,1.05624,-1.64388
7.51,2,0.100513616,-0.163595315,0.625759,-0.802649794,0.136920735,0.124022027,0.203622181,-0.069178,-0.206300355,-0.918297192,-0.528627,-0.07108,-1.03777,-0.690312,-1.63639,-0.349066,0.9516857,-1.59883
7.61,2,0.107482125,-0.159273643,0.611029,-0.781335929,0.136824778,0.123521934,0.30988707,-0.068303,-0.206975569,-0.901075537,-0.523147,0.015047,-1.03488,-0.731856,-1.53542,-0.349066,0.84728534,-1.55908
7.71,2,0.113700437,-0.154050602,0.605627,-0.75611588,0.134999573,0.12303062,0.380507885,-0.066971,-0.20760197,-0.881051748,-0.487681,0.123467,-1.01687,-0.795915,-1.40487,-0.343502644,0.74303892,-1.51943
7.81,2,0.119168551,-0.147926192,0.606346,-0.726989648,0.136836515,0.122548084,0.44839089,-0.064933,-0.208578546,-0.858225827,-0.421735,0.254031,-0.970018,-0.881441,-1.2592,-0.336843478,0.63894644,-1.49519
6.91,2,0.123886467,-0.140900414,0.608367,-0.693957233,0.139348717,0.062997936,0.213536084,-0.062991,-0.209396381,-0.832597774,-0.353686,0.376223,-0.902512,-0.952672,-1.10451,-0.329088503,0.5350079,-1.48213
8.01,0,0.127854185,-0.132973267,0.61173,-0.657018635,0.14253618,0.125257646,0.547228763,-0.060424,-0.210055473,-0.804167587,-0.306166,0.485362,-0.831834,-1.00127,-0.895554271,-0.320237717,0.4312233,-1.48047
8.11,0,0.131071706,-0.124144751,0.616535,-0.616173853,0.146398904,0.127460683,0.573847507,-0.057162,-0.210555822,-0.772935268,-0.277342,0.570475,-0.756161,-1.02137,-0.717312193,-0.310291121,0.327592639,-1.47408
8.21,0,0.133539028,-0.114414866,0.621623,-0.571422889,0.150936889,0.129607049,0.593392314,-0.053056,-0.21089743,-0.738900817,-0.264521,0.635266,-0.69933,-1.01091,-0.569783766,-0.299248716,0.224115919,-1.45601
8.31,0,0.135256153,-0.103783613,0.625114,-0.522765741,0.156150134,0.131696744,0.605863184,-0.048828,-0.211080295,-0.702064232,-0.276513,0.701946,-0.683564,-1.00342,-0.513854091,-0.287110501,0.120793139,-1.41129
8.41,0,0.134714265,-0.092250991,0.625717,-0.47020241,0.163963,0.133729766,0.611260118,-0.045316,-0.211104417,-0.662425515,-0.309299,0.741942,-0.672535,-0.998706,-0.470095327,-0.273876475,0.017624299,-1.32446
8.51,0,0.128178127,-0.079817,0.62064,-0.413732896,0.164781,0.135706116,0.613112128,-0.043436,-0.210969798,-0.619984665,-0.384986,0.769285,-0.663723,-0.989374,-0.438507474,-0.25954664,-0.056779124,-1.19002
8.61,0,0.136865221,-0.057127,0.612455,-0.353357198,0.166326,0.137625795,0.614963801,-0.039555,-0.210676436,-0.574741682,-0.481341,0.793808,-0.677691,-0.968438,-0.419090532,-0.244120995,-0.121406664,-1.01706
8.71,0,0.144773869,-0.039257,0.604298,-0.289075318,0.166242,0.139488802,0.61681514,-0.035091,-0.210224331,-0.526696567,-0.566875,0.842763,-0.680423,-0.952158,-0.4118445,-0.22759954,-0.176258321,-0.839373445
8.81,0,0.151904071,-0.026532,0.597449,-0.220887254,0.166467,0.141295137,0.618666142,-0.031001,-0.209613484,-0.475849319,-0.644162,0.908002,-0.66072,-0.948446,-0.416769378,-0.209982275,-0.184439338,-0.716244862
8.91,0,0.158255827,-0.016646,0.591929,-0.17043932,0.16674,0.1430448,0.619453786,-0.02795,-0.208843895,-0.422199938,-0.725459,0.952647,-0.613284,-0.949729,-0.433865168,-0.191269201,-0.195682477,-0.604671071
9.01,0,0.163829137,-0.008213,0.587239,-0.121954987,0.166075,0.144737792,0.620288331,-0.014796073,-0.207915564,-0.365748425,-0.817332,0.98395,-0.571097,-0.950206,-0.463131868,-0.171460316,-0.193940255,-0.504652072
9.11,0,0.168624001,-0.000423,0.582813,-0.075434256,0.165737,0.146374111,0.621169776,-0.002425914,-0.20682849,-0.306494779,-0.907082,1.01987,-0.553023,-0.942752,-0.504569479,-0.150555621,-0.191329404,-0.43852942
9.21,0,0.17264042,0.00597,0.578949,-0.030877126,0.165708,0.147953759,0.622098122,0.009160479,-0.205582674,-0.244439,-0.989301,1.04369,-0.537718,-0.931567,-0.558178,-0.128555117,-0.187849927,-0.377606138
9.31,0,0.175878392,0.011524,0.575482,0.011716403,0.165864,0.149476735,0.623073369,0.019963105,-0.204178115,-0.20775,-1.07206,1.05422,-0.528577,-0.916024,-0.618238,-0.105458803,-0.183501821,-0.321882227
9.41,0,0.178337919,0.015723,0.573917,0.05234633,0.165861,0.150943039,0.623970243,0.029981964,-0.202614814,-0.194832512,-1.14076,1.04364,-0.527442,-0.901311,-0.671306,-0.068571358,-0.178285087,-0.271357687
9.51,0,0.180019,0.01902,0.573216,0.091012655,0.165527,0.152352671,0.624759554,0.039217055,-0.200892771,-0.182712533,-1.21581,1.00359,-0.536053,-0.897888,-0.710076,-0.03334986,-0.172199725,-0.226032518
9.61,0,0.178131,0.021156,0.572642,0.12771538,0.165429,0.153705632,0.625441303,0.053076684,-0.199011986,-0.171390063,-1.29341,0.9613,-0.555276,-0.895083,-0.740645,0.00020569,-0.165245736,-0.185906719
9.71,0,0.175659,0.022332,0.572153,0.162454502,0.165207,0.15500192,0.62601549,0.066533114,-0.194637246,-0.160865101,-1.36451,0.927809,-0.576443,-0.896648,-0.781763,0.032095293,-0.157423118,-0.150980291
9.81,0,0.172047,0.0235,0.571784,0.195230024,0.164859,0.156241537,0.626482115,0.079586343,-0.190441921,-0.151137648,-1.42444,0.897354,-0.6071,-0.900591,-0.825876,0.062318948,-0.148731873,-0.121253234
9.91,0,0.168268,0.024949,0.57109,0.226041944,0.164294,0.157424482,0.626841178,0.092236374,-0.186426012,-0.142207703,-1.46471,0.875957,-0.628409,-0.90248,-0.870573,0.090876656,-0.139172,-0.096725548
10.01,0,0.164936,0.027789,0.569872,0.254890262,0.163826,0.158550756,0.627092679,0.104483204,-0.182589518,-0.134075267,-1.50138,0.869667,-0.659487,-0.911234,-0.920004,0.115813205,-0.139207623,-0.077397233
10.11,0,0.162078,0.033687,0.568544,0.281774979,0.163827,0.159620357,0.627236618,0.116326835,-0.178932439,-0.126740339,-1.54081,0.86459,-0.697174,-0.937921,-0.96772,0.139069828,-0.132662364,-0.071847853
10.21,1,0.160563,0.043929,0.569475,0.306696095,0.164413,0.160633286,0.627272994,0.130534415,-0.175454775,-0.12020292,-1.58176,0.873575,-0.75109,-0.984466,-1.01086,0.160629636,-0.119536223,-0.071966451
10.31,1,0.163415,0.059883,0.577566,0.329653609,0.165327,0.161589544,0.627201809,0.143121298,-0.172156527,-0.11446301,-1.6141,0.901726,-0.809235,-1.0597,-1.04264,0.180471158,-0.099829201,-0.077753028
10.41,1,0.169291,0.078165,0.589488,0.350647522,0.165802,0.16248913,0.628053995,0.15252363,-0.170198618,-0.109520608,-1.6148,0.904015,-0.835783,-1.14273,-1.04572,0.198594395,-0.057426506,-0.089207584
10.51,1,0.179183,0.094322,0.605068,0.369677833,0.167345,0.163332044,0.628950346,0.155385915,-0.168518335,-0.105375715,-1.57538,0.912032,-0.833947,-1.21495,-1.03838,0.214999346,-0.001447142,-0.106330119
10.61,1,0.190671,0.106725,0.619317,0.386744543,0.169434,0.164118286,0.632673445,0.157923221,-0.167115678,-0.10202833,-1.50236,0.960495,-0.838211,-1.30802,-1.03619,0.230397591,0.068108891,-0.119864457
10.71,1,0.200556,0.118024,0.631671,0.401847652,0.170745,0.164847857,0.626030902,0.160135549,-0.165990647,-0.099478454,-1.42403,1.02713,-0.836399,-1.42856,-1.03656,0.243618358,0.151241594,-0.128179519
10.81,1,0.208955,0.129697,0.641769,0.414987159,0.171516,0.165520756,0.619298726,0.162022898,-0.165143243,-0.097726086,-1.34263,1.08244,-0.818745,-1.55496,-1.03562,0.254661646,0.247950966,-0.136880013
10.91,1,0.214374,0.138154,0.649259,0.426163064,0.171491,0.166136982,0.612476915,0.163585268,-0.164573464,-0.096771227,-1.27969,1.15222,-0.803553,-1.68536,-1.03434,0.263527456,0.358237008,-0.149599986
11.01,1,0.219277,0.140847,0.654396,0.435375369,0.171665,0.166696537,0.60556547,0.16482266,-0.164281312,-0.096613876,-1.23296,1.22564,-0.776658,-1.83046,-1.034499301,0.270215788,0.545959915,-0.166339437
11.11,1,0.223078,0.143188,0.660656,0.442624071,0.171886,0.167199421,0.598564391,0.165735073,-0.164266785,-0.097254034,-1.18521,1.30579,-0.73075,-1.96902,-1.028030517,0.274726642,0.703601541,-0.187098367
11.21,1,0.223531,0.144214,0.661626,0.447909173,0.171819,0.167645632,0.591473679,0.166322508,-0.164529885,-0.098691701,-1.12051,1.38941,-0.65382,-2.09056,-1.013149254,0.277060017,0.831161886,-0.211876776
10.71,1,0.222243,0.144106,0.655838,0.451230673,0.171577,0.168035171,0.584293332,0.166584964,-0.163776804,-0.100926876,-1.05993,1.42235,-0.56021,-2.16377,-1.000788921,0.277215914,0.92864095,-0.240674664
11.41,0,0.223359,0.143999,0.649966,0.452588571,0.171994,0.168368039,0.577023351,0.166522442,-0.163946232,-0.112350517,-1.00485,1.39237,-0.48915,-2.18646,-0.990949517,0.275194332,0.996038732,-0.27349203
11.51,0,0.221726,0.142625,0.640313,0.451982868,0.171926,0.168644235,0.569663737,0.166940351,-0.165038171,-0.127318137,-0.953953,1.32601,-0.430938,-2.1707,-0.983631042,0.270995272,1.033355234,-0.310328875
11.61,0,0.22095,0.141292,0.630689,0.449413564,0.172209,0.168863759,0.562214488,0.167357189,-0.16705262,-0.145829736,-0.868863578,1.25244,-0.344435,-2.12508,-0.978833498,0.264618734,1.040590455,-0.351185198
11.71,0,0.222453,0.1392,0.626787,0.444880658,0.172714,0.169026611,0.554675606,0.167772955,-0.16998958,-0.167885315,-0.791732187,1.22765,-0.256702,-2.08924,-0.976556882,0.256064718,1.017744394,-0.396061
11.81,0,0.22169,0.133712,0.624444,0.438384151,0.172889,0.169132792,0.54704709,0.168187649,-0.173849049,-0.193484872,-0.722558827,1.21448,-0.171723,-2.03227,-0.976801197,0.245333223,0.964817053,-0.451938
11.91,1,0.221388,0.126528,0.622339,0.429924042,0.173014,0.1691823,0.539328939,0.168601271,-0.178631029,-0.222628409,-0.661343498,1.20483,-0.07759,-1.967,-0.97956644,0.23242425,0.88180843,-0.509528
12.01,1,0.221789,0.120296,0.619689,0.419500332,0.173305,0.169502808,0.531521155,0.169175116,-0.184335518,-0.255315925,-0.6080862,1.20263,0.008452,-1.90975,-0.984852614,0.217337798,0.861785273,-0.530761
12.11,1,0.221726,0.112979,0.61658,0.407113021,0.173689,0.169798621,0.523623737,0.169689414,-0.190962518,-0.29154742,-0.562786932,1.19385,0.054096,-1.86299,-0.992659716,0.200073869,0.848160918,-0.52464
12.21,1,0.220644,0.106588391,0.613925,0.392762108,0.174068,0.170069739,0.515636685,0.169407042,-0.198512029,-0.331322895,-0.525445696,1.16065,0.090273,-1.83556,-1.002987749,0.180632461,0.840935366,-0.49978
12.31,1,0.220667765,0.096617384,0.613515,0.376447593,0.174934,0.170316162,0.507559999,0.169186177,-0.208753073,-0.374642348,-0.496062491,1.11123,0.107807,-1.82691,-1.015836711,0.159013574,0.840108617,-0.46386028
12.41,1,0.221060493,0.083065979,0.613882,0.358169477,0.175373,0.17053789,0.499393679,0.169026817,-0.220330164,-0.421505781,-0.474637316,1.04542,0.118298,-1.83017,-1.031206602,0.13521721,0.845680671,-0.432122942
12.51,1,0.221822185,0.065934176,0.609273,0.33792776,0.176469,0.170734923,0.491137725,0.16881502,-0.236331037,-0.471913193,-0.461170173,0.979014,0.123793,-1.84003,-1.049097423,0.109243367,0.857651527,-0.404567986
12.41,1,0.222823864,0.045221975,0.605571,0.315722442,0.177637,0.170907261,0.482792137,0.168824226,-0.245212598,-0.571015507,-0.45566106,0.899896,0.126122,-1.85894,-1.069509174,0.078539609,0.865624212,-0.381195412
12.71,0,0.22350306,0.020929376,0.611322,0.291553522,0.17843,0.169448342,0.463880761,0.173628461,-0.25318389,-0.631601785,-0.458109979,0.785817,0.106332,-1.88556,-1.092441854,0.04536982,0.840901465,-0.362005221
12.81,0,0.223859771,-0.006943621,0.618182,0.190816457,0.180031,0.168141774,0.445369585,0.177954327,-0.260244913,-0.683757189,-0.468516928,0.690768,0.045912,-1.91881,-1.117895463,0.009734,0.818964937,-0.346997412
12.91,0,0.225413237,-0.038397016,0.62298,0.095468059,0.181847,0.166987559,0.427258608,0.181801825,-0.266395666,-0.727481719,-0.486881908,0.625508,-0.023707,-1.94705,-1.145870002,-0.025495622,0.799814627,-0.336171986
13.01,0,0.225245055,-0.073430809,0.624543,0.005508327,0.183729,0.165985695,0.40954783,0.185170955,-0.27163615,-0.762775374,-0.513204919,0.593224,-0.105544,-1.95329,-1.176365471,-0.057032128,0.783450536,-0.329528942
13.11,0,0.224641529,-0.112045,0.622759,-0.079062737,0.185081,0.165136184,0.392237252,0.188061716,-0.275966364,-0.789638156,-0.547485961,0.547403,-0.243522,-1.94048,-1.209381869,-0.084875517,0.769872663,-0.330658202
13.21,0,0.223602658,-0.137031,0.618733,-0.158245135,0.186427,0.164439024,0.368912502,0.19047411,-0.279386309,-0.792260929,-0.589725034,0.519499,-0.399293,-1.89834,-1.249683352,-0.109025791,0.759081009,-0.329436465
13.31,0,0.222128441,-0.155037,0.614166,-0.232038866,0.187858,0.163894216,0.343867691,0.192408135,-0.281895984,-0.795389833,-0.639922138,0.471809,-0.550634,-1.7976,-1.292529489,-0.129482949,0.751075574,-0.325863733
13.41,0,0.22021888,-0.167375,0.610323,-0.300443931,0.189739,0.163501761,0.285308525,0.193863791,-0.28349539,-0.799024868,-0.698077273,0.413017,-0.697602,-1.63969,-1.337920282,-0.146246991,0.745856357,-0.319940005
13.51,0,0.217873973,-0.174305,0.607393,-0.363460328,0.190739512,0.163261657,0.231024136,0.19484108,-0.284184526,-0.803166033,-0.764190439,0.300253,-0.832799,-1.41666,-1.439949322,-0.159317917,0.743423358,-0.31166528
13.61,0,0.215093722,-0.177826,0.605444,-0.421088059,0.191950639,0.163173905,0.181014524,0.19534,-0.283963393,-0.807813329,-0.830908728,0.135243,-0.969374,-1.1584,-1.532423372,-0.174523179,0.743776579,-0.301039559
13.71,0,0.211878125,-0.181088,0.604375,-0.473327123,0.19337238,0.163238505,0.135279689,0.195336,-0.28283199,-0.812966756,-0.904092915,-0.056452,-1.0831,-0.892836,-1.615342431,-0.185426139,0.735836949,-0.288062843
13.81,0,0.208227184,-0.184736,0.603573,-0.52017752,0.195004734,0.163455457,0.093819631,0.195671,-0.280790318,-0.818626313,-0.983743,-0.237797,-1.157,-0.650243,-1.6887065,-0.1920268,0.728387656,-0.27273513
13.91,0,0.204140897,-0.189983,0.602234,-0.561639251,0.196847703,0.163824761,0.056634351,0.1957,-0.277838377,-0.824792,-1.06474,-0.349064,-1.21543,-0.47163,-1.752515579,-0.19432516,0.7214287,-0.255056421
14.01,0,0.201392541,-0.197585,0.599567,-0.597712315,0.198901286,0.164346417,0.025388746,0.195426,-0.278653641,-0.831674,-1.14069,-0.349066,-1.2366,-0.424341,-1.806769668,-0.192321221,0.714960081,-0.235026715
14.11,0,0.198863474,-0.203726,0.596995,-0.628396712,0.201165483,0.165020424,-0.002744049,0.19533,-0.279411448,-0.838261,-1.21327,-0.349066,-1.25929,-0.388592,-1.851468766,-0.18601498,0.708981799,-0.230233026
14.21,0,0.196553694,-0.208,0.595464,-0.653692442,0.202969675,0.165846784,-0.027764036,0.195252,-0.280111799,-0.848185,-1.27375,-0.349066,-1.27016,-0.354956,-1.886612873,-0.17540644,0.703493853,-0.22537001
14.31,0,0.194463203,-0.209957,0.59518,-0.673599505,0.204410469,0.166825496,-0.049671215,0.195246,-0.280754692,-0.853859,-1.32406,-0.349066,-1.27443,-0.31482,-1.912201991,-0.1604956,0.698496245,-0.220437668
14.41,0,0.192592,-0.210527,0.595509,-0.688117902,0.205487868,0.167956559,-0.068465584,0.195231,-0.281340127,-0.85868,-1.35509,-0.349066,-1.26733,-0.291737,-1.928236118,-0.141282459,0.693988973,-0.215436
14.51,0,0.19096,-0.211198,0.596758,-0.697247632,0.206201869,0.169239975,-0.084147145,0.195035,-0.281868106,-0.869815,-1.36719,-0.349066,-1.26116,-0.281012,-1.934715254,-0.117767018,0.689972038,-0.207275
14.61,0,0.190222,-0.212171,0.598779,-0.700988695,0.206552474,0.170675742,-0.096715897,0.194977,-0.282338628,-0.880245,-1.37611,-0.349066,-1.25241,-0.286938,-1.931639401,-0.109188317,0.686445439,-0.20385
14.71,0,0.190168,-0.212053,0.600216,-0.699341091,0.206539683,0.172263862,-0.106171841,0.19496,-0.282751692,-0.890777,-1.37993,-0.349066,-1.24926,-0.30344,-1.919008556,-0.102552262,0.693610232,-0.209374
14.81,0,0.191095,-0.211638,0.60122,-0.692304821,0.206163494,0.174004333,-0.112514976,0.195312,-0.2831073,-0.890507,-1.36997,-0.349066,-1.26182,-0.295252957,-1.896822722,-0.097858853,0.699446265,-0.21319
14.91,0,0.1926,-0.212249,0.602131,-0.679879884,0.205423909,0.175897157,-0.115745302,0.195314442,-0.283951901,-0.888135,-1.265053402,-0.349066,-1.26959,-0.2988049,-1.865081897,-0.095108091,0.703953537,-0.226952
15.01,0,0.191328,-0.211023,0.601688,-0.66206628,0.204320927,0.177942332,-0.107687116,0.195765504,-0.284835497,-0.89178,-1.168556577,-0.349066,-1.29063,-0.31409583,-1.823786082,-0.094299976,0.707132048,-0.292495
15.11,0,0.192481058,-0.202951,0.599927,-0.63886401,0.202854549,0.180139859,-0.094574956,0.196665187,-0.285758085,-0.893847,-1.080479526,-0.349066,-1.3428888914463648,-0.341125747,-1.772935276,-0.095434507,0.708981799,-0.447366
15.21,0,0.194008836,-0.187166,0.600158,-0.610273072,0.201629895,0.182489738,-0.080490386,0.198013489,-0.284825202,-0.890922346,-1.000822248,-0.349066,-1.3834066959046487,-0.37989465,-1.71252948,-0.098511684,0.709502789,-0.662403
15.31,0,0.195911335,-0.16753,0.599711,-0.576293468,0.200229518,0.184991969,-0.065433403,0.199810412,-0.283571898,-0.875333171,-0.929584744,-0.231659,-1.4121834133748514,-0.430402539,-1.642568694,-0.080110022,0.708695019,-0.868575
15.41,0,0.198188554,-0.14604,0.603821,-0.536925197,0.199022543,0.187646552,-0.049404009,0.202055954,-0.281998174,-0.847079474,-0.866767013,-0.032214,-1.4292190438569732,-0.492649415,-1.563052917,-0.052864554,0.706558488,-0.996752
15.51,0,0.200840494,-0.124139,0.606736,-0.492168259,0.197926011,0.190453487,-0.032402203,0.204750117,-0.280104029,-0.806161256,-0.812369056,0.259724,-1.4345135873510135,-0.566635278,-1.488940696,0.00078749,0.703093196,-1.02478
15.61,0,0.206771157,-0.098357,0.609728,-0.442022655,0.196939922,0.193412774,-0.014114118,0.2078929,-0.275918571,-0.752578517,-0.766390873,0.591282,-1.4280670438569731,-0.652360127,-1.418077859,0.050983701,0.698299144,-0.932494
15.71,0,0.211518707,-0.063462,0.613986,-0.386488384,0.196064277,0.196524413,0.003745242,0.211484303,-0.270982359,-0.686331256,-0.728832462,0.874964,-1.4098794133748511,-0.749823963,-1.350464405,0.097724079,0.709666211,-0.78939
15.81,1,0.215083142,-0.025596,0.619052,-0.289536493,0.195299075,0.199788404,0.021175877,0.215524326,-0.265295392,-0.607419474,-0.699693826,1.09553,-1.3799506959046486,-0.911491879,-1.286100334,0.134489016,0.726379189,-0.654668
15.91,1,0.217464463,0.016578,0.6293,-0.197740529,0.194644316,0.203204747,0.038177785,0.223426235,-0.25885767,-0.476176427,-0.678974962,1.27298,-1.3382808914463646,-1.09693,-1.231406179,0.155966065,0.748438076,-0.511068
16.01,1,0.218662671,0.061118,0.631798,-0.111100491,0.1941,0.206773441,0.054750968,0.228129802,-0.251669193,-0.356287845,-0.666675873,1.45906,-1.28487,-1.2402,-1.179843717,0.175633355,0.775842872,-0.374003
16.11,1,0.218677765,0.100378,0.633505,-0.045824854,0.193242,0.210494488,0.070895426,0.232948847,-0.243729961,-0.247753729,-0.662796556,1.6491,-1.05788,-1.40065,-1.131412945,0.193490887,0.808593578,-0.313319816
16.21,1,0.21643518,0.134485,0.637387,0.015440906,0.192211,0.214367886,0.086611158,0.237883369,-0.235039974,-0.150574079,-0.667337013,1.75584,-0.915237,-1.48118,-1.086113866,0.209538661,0.846690194,-0.257810606
16.31,1,0.214282597,0.157969,0.644152,0.072696789,0.191831,0.218393637,0.101898164,0.240786342,-0.225599233,-0.084346204,-0.680297244,1.79172,-0.863027,-1.50079,-1.060229103,0.223776676,0.89013272,-0.207475371
16.41,1,0.212220016,0.170173,0.650589,0.125942795,0.190758,0.222571739,0.116756445,0.243592606,-0.215407736,-0.026891116,-0.701677248,1.81335,-0.837007,-1.52206,-1.03581019,0.236204933,0.957542261,-0.150238249
16.31,1,0.210247437,0.17468,0.655927,0.175178925,0.19101,0.226902194,0.131186,0.244339488,-0.204465485,0.021791186,-0.731477026,1.80424,-0.813644,-1.56489,-1.020952945,0.246823431,1.034263883,-0.104820942
16.61,0,0.20836486,0.176053,0.660382,0.220405177,0.190793,0.231385,0.146959,0.243827212,-0.200954313,0.061700702,-0.769696577,1.7802,-0.786625,-1.6401,-1.007688701,0.255632172,1.065628292,-0.071223448
16.71,0,0.206572284,0.175661,0.665796,0.261621553,0.189826,0.230744,0.1680307,0.24253884,-0.199528414,0.092837431,-0.816335902,1.7629,-0.761199,-1.74253,-0.996017456,0.262631154,1.077562212,-0.049445769
16.81,0,0.204869711,0.173672,0.669663,0.298828051,0.188517,0.229689,0.184278799,0.240474372,-0.198646836,0.115201374,-0.871395,1.74687,-0.725897,-1.87681,-0.985939212,0.267820378,1.070065641,-0.039487904
16.91,0,0.203257139,0.170784,0.670934,0.332024673,0.187128,0.228311,0.195703299,0.237633807,-0.198593683,0.12879253,-0.935382,1.68914,-0.682978,-1.98496,-0.977453969,0.271199843,1.043138582,-0.041349853
17.01,0,0.201734568,0.169315,0.670447,0.361211417,0.186031,0.227023,0.202304199,0.234017147,-0.199368953,0.1336109,-0.965997,1.60712,-0.611499,-2.05595,-0.970561726,0.27276955,0.996781032,-0.055031617
17.11,0,0.200302,0.167416,0.668039,0.386388285,0.185131,0.22584,0.204081499,0.22962439,-0.200972648,0.129656484,-0.937261,1.54014,-0.514129,-2.0827,-0.965262483,0.272529499,0.930992992,-0.080533195
17.21,0,0.196191,0.163985,0.663684,0.407555276,0.185106,0.224991,0.201035199,0.224455537,-0.203404767,0.116929281,-0.855552,1.47384,-0.397235,-2.07826,-0.961556241,0.27047969,0.827904,-0.117854586
17.31,0,0.192201,0.159997,0.657672,0.42471239,0.185403,0.225007,0.193165299,0.218510587,-0.210115175,0.095429292,-0.747302,1.3998,-0.262416,-2.05715,-0.959442998,0.266620122,0.813817,-0.166995792
17.41,1,0.18609293,0.156571,0.650317,0.437859627,0.185596,0.225396,0.180471799,0.211789542,-0.216234363,0.065156516,-0.642271,1.35713,-0.133714,-2.05194,-0.958922757,0.260950796,0.801842,-0.226504879
17.51,1,0.181064498,0.152402,0.643623,0.446996988,0.185696,0.225764,0.1629547,0.2042924,-0.221762331,0.026110954,-0.589788166,1.34099,-0.034113,-2.0523,-0.959995516,0.253471712,0.819066566,-0.298052584
17.61,1,0.178619412,0.150607,0.637356,0.452124471,0.185301,0.225804,0.140614,0.195585966,-0.226699081,-0.021707395,-0.544438908,1.32296,0.042782,-2.04763,-0.962661275,0.244182869,0.829145605,-0.381638908
17.71,1,0.176486028,0.144893,0.631598,0.453242077,0.185433,0.224911,0.130489,0.186844019,-0.23104461,-0.078298529,-0.506223229,1.26369,0.064448,-2.06614,-0.966920034,0.233084268,0.83207912,-0.400226424
17.81,1,0.174664345,0.133853,0.628999,0.450349807,0.185862,0.224621,0.11461,0.168765681,-0.234798921,-0.143662451,-0.475141126,1.16843,0.017019,-2.06762,-0.972771794,0.220175909,0.827867108,-0.412858983
17.91,1,0.173154364,0.11708,0.628744,0.443447659,0.184479999,0.223512,0.108676,0.152527631,-0.231822632,-0.274988618,-0.451192601,1.00964,-0.03984,-2.06911,-0.980216554,0.19487,0.811210629,-0.419536583
18.01,1,0.171956085,0.090892,0.626582,0.432535635,0.185473935,0.221703,0.105816,0.146294709,-0.230934106,-0.33208896,-0.434377653,0.906822,-0.057787,-2.05079,-0.989254315,0.162795,0.797109898,-0.420259224
18.11,1,0.171069507,0.0634,0.623556,0.417613734,0.186454522,0.22065,0.101007,0.140006494,-0.232133344,-0.385839713,-0.424696282,0.852428,-0.097582,-2.04226,-0.999885076,0.128537602,0.785564916,-0.415026908
18.21,1,0.170494631,0.035107,0.623248,0.398681956,0.187421758,0.218627,0.092955,0.133662986,-0.235420346,-0.436240877,-0.422148489,0.80559,-0.157872,-2.04018,-1.012108837,0.088190142,0.776575682,-0.403839633
18.31,1,0.170231456,0.008702,0.627752,0.375740301,0.188375644,0.215855,0.086307,0.127264183,-0.240795112,-0.483292451,-0.426734273,0.752055,-0.254322,-2.04076,-1.025925599,0.051640098,0.770142197,-0.3866974
17.91,1,0.170279983,-0.018918,0.631334,0.348788769,0.189316179,0.21271,0.084003,0.120810087,-0.248257641,-0.526994436,-0.438453634,0.6961,-0.347305,-2.04029,-1.041335361,0.018887469,0.76626446,-0.363600209
18.51,0,0.170640211,-0.047482,0.632451,0.31782736,0.190243364,0.209221,0.079019,0.114300698,-0.257807933,-0.567346832,-0.457306573,0.660538,-0.459216,-2.02836,-1.065668132,-0.010067745,0.756779449,-0.354813801
18.61,0,0.169415938,-0.074839,0.631773,0.282856074,0.191157199,0.205402,0.067412,0.107736015,-0.26944599,-0.604349638,-0.483293089,0.627277,-0.534974,-2.00731,-1.091642241,-0.035225543,0.749642675,-0.349696809
18.71,0,0.168047913,-0.100521,0.630229,0.243874912,0.192057684,0.201326,0.057967,0.101116038,-0.283171809,-0.638002855,-0.516413182,0.5907,-0.603525,-1.97305,-1.119257688,-0.056585925,0.744854137,-0.348249233
18.81,0,0.166536135,-0.12448,0.62798,0.200883872,0.192944818,0.196832,0.051092,0.094440768,-0.298985393,-0.668306483,-0.556666853,0.5150605643748173,-0.657792,-1.92119,-1.148514474,-0.074148892,0.742413836,-0.34391842
18.91,0,0.164880606,-0.145719,0.624725,0.153882956,0.193818601,0.192114,0.033242,0.087710205,-0.30428979,-0.695260522,-0.604054101,0.4394211287496346,-0.690363,-1.83134,-1.179412598,-0.087914444,0.742321772,-0.33881376
19.01,0,0.163081325,-0.160759,0.618964,0.102872162,0.194695662,0.189681,0.010508,0.087317896,-0.309726,-0.703356247,-0.658574926,0.3637816931244519,-0.723553,-1.71613,-1.21195206,-0.09788258,0.648239077,-0.332935253
19.11,0,0.161138292,-0.172,0.614545,0.024304243,0.195512086,0.187659,-0.015941,0.087051857,-0.310082,-0.711780265,-0.720229329,0.2881422574992692,-0.776353,-1.55768,-1.24613286,-0.1040533,0.560255784,-0.3262829
19.21,0,0.156480022,-0.17969,0.611981,-0.049799922,0.196267875,0.1856,-0.046431,0.086912088,-0.309347,-0.720532576,-0.789017308,0.2125028218740865,-0.856082,-1.33143,-1.281954999,-0.130931328,0.478371893,-0.3188567
19.31,0,0.15120755,-0.184108,0.610441,-0.119440333,0.196963028,0.184028,-0.075861,0.091554678,-0.308633,-0.72961318,-0.864938866,0.1368633862489038,-0.946436,-1.06819,-1.379672754,-0.149106448,0.410361739,-0.310656654
19.41,0,0.145320876,-0.187929,0.608599,-0.18461699,0.197597545,0.182723,-0.107181,0.097125785,-0.308471,-0.739022076,-0.947994,0.0612239506237212,-1.02363,-0.81013,-1.467775699,-0.164870699,0.347018278,-0.30168276
19.51,0,0.13882,-0.191776,0.606263,-0.245329893,0.198171426,0.178265919,-0.136041,0.103625411,-0.308061,-0.748759266,-1.074,-0.0144154850014615,-1.07318,-0.601061,-1.546263836,-0.178224081,0.288341512,-0.29193502
19.61,0,0.138153,-0.197486,0.603041,-0.301579042,0.198684671,0.174374907,-0.154919035,0.104263259,-0.307244,-0.758824748,-1.17304,-0.0900549206266442,-1.10618,-0.466352,-1.615137164,-0.189166594,0.234331441,-0.2765293
19.71,0,0.134588001,-0.203521,0.600751,-0.353364436,0.19913728,0.171049966,-0.174140747,0.104637474,-0.306591,-0.78080719,-1.24122,-0.1656943562518269,-1.10911,-0.410441,-1.674395683,-0.197698237,0.204015507,-0.262169762
19.81,0,0.131444202,-0.208744,0.599492,-0.400686077,0.199529253,0.168291094,-0.193706137,0.104748054,-0.306361,-0.80029041,-1.29341,-0.1840315206266442,-1.1057,-0.362643,-1.724039393,-0.203819012,0.175663622,-0.248856406
19.91,0,0.128721603,-0.212852,0.598965,-0.443543963,0.19986059,0.166098293,-0.213615204,0.104595,-0.306173,-0.812777916,-1.33185,-0.2023686850014615,-1.09592,-0.319145,-1.744139963,-0.207528918,0.149275787,-0.236589231
20.01,0,0.126420205,-0.216258,0.598751,-0.481938096,0.200131291,0.164471561,-0.233867948,0.104517,-0.305864,-0.823268031,-1.37183,-0.20038311275097,-1.10591,-0.246392,-1.760648106,-0.207911571,0.124852,-0.225368238
20.11,0,0.124540006,-0.219264,0.598904,-0.515868474,0.200341357,0.1634109,-0.25446437,0.104286,-0.305547,-0.831760756,-1.39663,-0.1983975405004785,-1.0961,-0.181058,-1.77356382,-0.206568472,0.102392263,-0.215193427
20.21,0,0.123081007,-0.220581,0.598596,-0.545335099,0.200490786,0.162916309,-0.281789322,0.103729,-0.304881,-0.838256091,-1.41124,-0.196411968249987,-1.06266,-0.151422,-1.782887107,-0.203499622,0.081896576,-0.206064798
20.31,0,0.122043208,-0.219821,0.597369,-0.570337969,0.20057958,0.162987787,-0.301708916,0.103301,-0.303842,-0.842754036,-1.41501,-0.1944263959994955,-1.0291,-0.15454,-1.788617966,-0.19870502,0.063364937,-0.19798235
20.41,0,0.121426608,-0.215269,0.596231,-0.590877085,0.200607738,0.163625336,-0.314223152,0.103128,-0.302194,-0.84525459,-1.41907,-0.192440823749004,-1.05185,-0.179925,-1.790756398,-0.192184668,0.046797348,-0.206510424
20.51,0,0.121231209,-0.206501,0.5959,-0.606952448,0.200575259,0.164828954,-0.319332029,0.103034,-0.299936,-0.845757754,-1.40754,-0.1904552514985125,-1.117,-0.2206955827865866,-1.789302402,-0.181502715,0.032193809,-0.222861896
20.61,0,0.1199355,-0.19384,0.596053,-0.618564056,0.200482145,0.166598643,-0.317035548,0.10325,-0.297151,-0.844263529,-1.38175,-0.188469679248021,-1.2171296480574978,-0.2551206649969051,-1.784255978,-0.17446934,0.019554318,-0.247036766
20.71,0,0.118948531,-0.179361,0.597377,-0.62571191,0.200328395,0.168934402,-0.307333709,0.103783,-0.294193,-0.840771912,-1.34085,-0.1864841069975295,-1.2859464197952064,-0.2832002466309555,-1.775617127,-0.167097211,0.008878877,-0.279035034
20.81,0,0.118270301,-0.164011,0.599498,-0.62839601,0.200114009,0.17183623,-0.290226511,0.104343,-0.291389,-0.835282906,-1.27216,-0.1844985347470379,-1.3464782947493557,-0.3049343276887378,-1.763385848,-0.167452646,0.000167485,-0.3188567
20.91,0,0.11790081,-0.147108,0.601763,-0.626616356,0.199838987,0.175304129,-0.265713956,0.104439,-0.288135,-0.82779651,-1.19262,-0.1825129624965464,-1.3987252729199449,-0.3203229081702519,-1.73208318,-0.16611316,-0.006579857,-0.366501764
21.01,0,0.117840059,-0.129184,0.603669,-0.620372948,0.199503329,0.179338098,-0.233796041,0.10464,-0.284778,-0.818312723,-1.10663,-0.1156995662468918,-1.4426873543069745,-0.329365988075498,-1.691821919,-0.163078756,-0.011363151,-0.421970226
21.11,0,0.118088047,-0.11154,0.605607,-0.609665786,0.199107035,0.183938136,-0.194472769,0.104757,-0.282238,-0.806831546,-1.01178,-0.0488861699972371,-1.4783645389104438,-0.3320635674044758,-1.642602066,-0.158349432,-0.014182395,-0.485262086
21.21,0,0.118644774,-0.094178,0.607117,-0.594494869,0.198855816,0.189104245,-0.164395673,0.104958,-0.279645,-0.793352979,-0.915183,0.0179272262524174,-1.5057568267303545,-0.311509105190791,-1.584423622,-0.151925189,-0.015037589,-0.556377344
21.31,0,0.119510241,-0.076814,0.60794,-0.574860199,0.198612982,0.194836424,-0.133723737,0.105162,-0.277156,-0.777877022,-0.830272,0.0847406225020721,-1.5248642177667042,-0.2975460310173528,-1.517286585,-0.143806027,-0.013928735,-0.635316
21.41,0,0.120684447,-0.059504,0.608607,-0.550761775,0.198378533,0.201134672,-0.102456962,0.105931,-0.274484,-0.760403674,-0.752273,0.1515540187517268,-1.5356867120194946,-0.2901743448841611,-1.377826656,-0.133991945,-0.010855831,-0.675056
21.51,0,0.122167392,-0.043625,0.609399,-0.522199596,0.198152469,0.203169892,-0.070595347,0.10669,-0.272692,-0.740932937,-0.677213,0.2183674150013814,-1.5382243094887251,-0.2893940467912161,-1.212707795,-0.122482943,-0.005818878,-0.686246
21.61,0,0.125673922,-0.029365,0.608763,-0.489173664,0.197934791,0.205111807,-0.038138893,0.106868,-0.270781,-0.719464809,-0.611537,0.2851808112510361,-1.5324770101743963,-0.2952051367385175,-1.02193,-0.109279023,0.001182125,-0.689693
21.71,0,0.130051101,-0.017513,0.605983,-0.451683977,0.197725498,0.206960418,-0.018714332,0.106135,-0.268791,-0.695999291,-0.557669,0.3519942075006907,-1.5179475958778332,-0.3076076147260657,-0.92747,-0.094380183,0.003117375,-0.706467
21.81,0,0.135298929,-0.007195957,0.601653,-0.409730536,0.19752459,0.208715723,0.021056155,0.105016,-0.26656,-0.670536382,-0.513788,0.4188076037503454,-1.4959049195342158,-0.3266014807538604,-0.823918,-0.085403287,0.006192587,-0.719657
21.91,0,0.140360899,0.00226515,0.597784,-0.363313342,0.197332068,0.210377724,0.057904831,0.104263,-0.264929,-0.64081753,-0.456995,0.485621,-1.4788270924837277,-0.3521867348219016,-0.733311,-0.068677372,-0.001869451,-0.723393
22.01,0,0.145589366,0.010870321,0.595806,-0.312432393,0.197147931,0.21194642,0.091831694,0.104318,-0.264746,-0.608981159,-0.388021,0.626506,-1.459836285345965,-0.3843633769301894,-0.656375,-0.044202438,-0.006087908,-0.703206
22.11,0,0.151287753,0.018619556,0.59586,-0.25708769,0.196972179,0.213421811,0.122836746,0.105103,-0.265816,-0.575027269,-0.322474,0.731541,-1.438932498120927,-0.423131407078724,-0.616665073,-0.0112795114053597,-0.006462783,-0.648268
22.21,0,0.157456063,0.025512855,0.59789,-0.197279233,0.196804812,0.214803897,0.150919985,0.106204,-0.267624,-0.538955861,-0.259258,0.81367,-1.4161157308086147,-0.4895310103861421,-0.58585005,0.019588215430037,-0.002994077,-0.566777607
22.31,0,0.162373639,0.031550217,0.602718,-0.133007022,0.196645831,0.216092678,0.176081412,0.108524,-0.270257,-0.495368604,-0.225904,0.894702,-1.391385983409028,-0.569757260955976,-0.563929931,0.0484007425061902,0.004318211,-0.490656862
22.41,0,0.166382798,0.036731644,0.607421,-0.064271057,0.196495234,0.217288155,0.196147338,0.113143,-0.27211,-0.449362965,-0.23303,0.976001,-1.3530169368900653,-0.6638101587882254,-0.550904716,0.0751580698231,0.01547408,-0.419905764
22.51,0,0.169483538,0.041057134,0.606701,0.008928662,0.196353024,0.217529515,0.216464766,0.116919,-0.274382,-0.400938944,-0.297447,1.0731,-1.31063625748224,-0.7716897038828906,-0.546774406,0.0998601973807662,0.03047353,-0.354524313
22.61,0,0.171675859,0.044526688,0.600682,0.050781641,0.196219198,0.217757394,0.237033696,0.119512,-0.277603,-0.35009654,-0.413723,1.21781,-1.2642439451855514,-0.9184030925189408,-0.551538999,0.1225071251791889,0.049316562,-0.324782655
22.71,0,0.172959762,0.047140306,0.594446,0.0914028,0.196093758,0.217971792,0.257854128,0.123974,-0.281409,-0.296835753,-0.541168,1.36653,-1.21384,-1.08627,-0.560787841,0.15709020779392,0.072003175,-0.296561983
22.81,0,0.173335247,0.048897988,0.591908,0.130792137,0.195976703,0.218172708,0.282755851,0.130501,-0.287298,-0.241156584,-0.631461,1.43871,-1.05461,-1.2538,-0.568533934,0.18822398763487,0.09853337,-0.269862296
22.91,0,0.172802313,0.049799734,0.594094,0.168949654,0.195868033,0.218360142,0.306223972,0.135967,-0.292524,-0.183059032,-0.714525,1.42184,-0.948955,-1.36378,-0.574777277,0.2159084647020388,0.128907146,-0.244683596
23.01,0,0.17136096,0.049845544,0.597589,0.205875349,0.195767748,0.218534095,0.328258493,0.141057,-0.296638,-0.122543098,-0.763858,1.38047,-0.875058,-1.44433,-0.579185137,0.2401436389954266,0.1896159140670928,-0.221025882
23.11,0,0.169011189,0.049035417,0.599825,0.241569223,0.195675849,0.218694567,0.348859412,0.144529,-0.300562,-0.059608781,-0.76947,1.35403,-0.819742,-1.53224,-0.58218691,0.2609295105150332,0.2470437034603042,-0.198889153
23.21,0,0.165753,0.047369355,0.600412,0.276031276,0.195592335,0.218841556,0.36802673,0.146519,-0.304633,0.005743918,-0.74614,1.33439,-0.7177525073692556,-1.62374,-0.583782597,0.2782660792608588,0.3011905141796344,-0.178273411
23.31,0,0.1599,0.044847356,0.599097,0.309261508,0.195517206,0.218975065,0.385760446,0.149786,-0.30984,0.073515,-0.6473218800204207,1.30787,-0.6286807769254016,-1.70363,-0.583972199,0.2921533452329033,0.3520563462250832,-0.159178655
23.41,0,0.155573,0.041469421,0.597842,0.341259919,0.195450463,0.219095092,0.402060561,0.148168,-0.312321,0.115682,-0.5639507513638408,1.28382,-0.5525268086684378,-1.76893,-0.582755714,0.3025913084311666,0.3801237190220971,-0.141604884
23.51,0,0.151937,0.03723555,0.597514,0.372026509,0.195392105,0.219396715,0.416927075,0.146105,-0.313684,0.128268,-0.4960266140302599,1.26496,-0.4892906025983641,-1.81116,-0.580133143,0.3095799688556489,0.4070585890378533,-0.1255521
23.61,0,0.150083,0.032145743,0.598454,0.401561278,0.195342132,0.219656834,0.428051038,0.1453,-0.314073,0.124476,-0.4435494680196782,1.25676,-0.4389721587151807,-1.81519,-0.576104487,0.3131193265063501,0.432860956272352,-0.111020301
23.71,0,0.148793,0.0262,0.59885,0.429864226,0.195300544,0.219875449,0.437633051,0.14584,-0.31445,0.135546,-0.4065193133320957,1.25432,-0.4015714770188876,-1.81392,-0.570669744,0.3132093813832702,0.457530820725593,-0.098009489
23.81,0,0.148531,0.024311,0.598909,0.4923405659353987,0.195267342,0.220052561,0.445673116,0.146069,-0.314711,0.14081,-0.40076420075476,1.25662,-0.3770885575094847,-1.81338,-0.563828915,0.3098501334864092,0.4810681823975763,-0.086519662
23.91,0,0.148727,0.02324,0.599122,0.5387424789825281,0.195242525,0.220188168,0.452171232,0.146111,-0.314905,0.142562,-0.3954952585313428,1.25944,-0.365523400186972,-1.81447,-0.555582,0.3030415828157671,0.503473041288302,-0.076550822
24.01,0,0.149436,0.022632,0.599414,0.5690699651413881,0.195226093,0.220282271,0.457127399,0.146006,-0.315066,0.142898,-0.3786656908468273,1.26144,-0.3668760050513495,-1.82015,-0.553327,0.2927837293713438,0.52474539739777,-0.068102967
24.11,0,0.150304,0.02234,0.599568,0.5833230244119786,0.195218046,0.22033487,0.460541617,0.146083,-0.31522,0.144077,-0.3641791546803966,1.2629,-0.3811463721026173,-1.82322,-0.556193,0.2790765731531395,0.5448852507259804,-0.061176099
24.21,0,0.150921,0.022223,0.599719,0.5815016567942997,0.195218385,0.220345965,0.462413886,0.146055,-0.315236,0.143065,-0.3520356500320507,1.26251,-0.3847799193447049,-1.82581,-0.559504,0.2619201141611541,0.5638926012729331,-0.055770216
24.31,0,0.151336,0.022536,0.599773,0.5636058622883513,0.195227109,0.220315556,0.462744206,0.146015,-0.315301,0.141425,-0.3422351769017893,1.26075,-0.3983764945266282,-1.82526,-0.561375,0.2413143523953876,0.5801260779450323,-0.051885319
24.41,0,0.147256,0.00117,0.598766,0.5296356408941336,0.197250456,0.19618103,0.353361729,0.140899,-0.320174,-0.042077612,-0.3347777352896126,1.30778,-0.3901845220881814,-1.87158,-0.591008,0.2172592878558399,0.5878191565613422,-0.301895811
24.51,0,0.151898,-0.018157,0.598543,0.4795909926116464,0.197291629,0.194960831,0.329991108,0.137162,-0.323795,-0.06929531,-0.3296633251955207,1.22596,-0.3846625074619367,-1.83846,-0.59466,0.1897549205425112,0.5947169153726816,-0.328103242
24.61,0,0.156205,-0.043131,0.597865,0.4134719174408898,0.197331511,0.193795782,0.301478894,0.13435,-0.328225,-0.098531152,-0.3015167120195458,1.13293,-0.325862922383684,-1.79685,-0.583355,0.1588012504554014,0.6008193543790508,-0.355567595
24.71,0,0.159198,-0.07004,0.598344111,0.3312784153818638,0.197729926,0.192673247,0.267825087,0.131766,-0.332736,-0.129785138,-0.2759979167672204,1.04965,-0.2536251427806103,-1.75176,-0.570166,0.1390041837305813,0.6061264735804496,-0.38428887
24.81,0,0.160511,-0.097444,0.598460943,0.228564808,0.198113789,0.191591486,0.229029686,0.129296,-0.337559,-0.163057269,-0.2531069394385445,0.969798,-0.1679491686527156,-1.71863,-0.551774,0.1171261502464077,0.610638272976878,-0.433998691
24.91,0,0.160596,-0.124012,0.59716989,0.157420909,0.198483101,0.190550501,0.185092692,0.126835,-0.342168,-0.198347544,-0.2328437800335182,0.880449,-0.068835,-1.69367,-0.530447293,0.0931671500028806,0.6143547525683362,-0.499940765
25.01,0,0.159254,-0.147586,0.595922658,0.088515797,0.198837861,0.189550291,0.110262482,0.120186705,-0.345974,-0.235655963,-0.2152084385521413,0.779581,-0.003342,-1.67439,-0.521982579,0.067127183,0.6172759123548239,-0.570530691
25.11,0,0.1561,-0.156640471,0.594719247,0.021849471,0.19917807,0.188590856,0.041171658,0.114085231,-0.348211,-0.308932475,-0.200200914994414,0.6898318791685494,0.048239,-1.68162,-0.526379856,0.049703545,0.6194017523363414,-0.645768467
25.21,0,0.152453,-0.165279008,0.593559658,-0.042578069,0.199503727,0.187672196,-0.022179779,0.108530578,-0.35798,-0.388335135,-0.1878212093603362,0.6050144787501652,0.088024,-1.73292,-0.543639126,0.031431052,0.6207322725128885,-0.725654095
25.31,0,0.147583,-0.173501611,0.59244389,-0.104766822,0.199814833,0.186794312,-0.079791828,0.103522747,-0.362204,-0.473863942,-0.1780693216499079,0.551482136253149,0.043744,-1.83338,-0.573760387,0.012309704,0.6212674728844654,-0.810187574
25.41,0,0.14212,-0.181308281,0.591371943,-0.164716789,0.200111388,0.185957202,-0.131664491,0.099061736,-0.36628,-0.565518897,-0.1709452518631292,0.4979497937561327,-0.115078,-1.91008,-0.61674364,-0.007660499,0.6210073534510718,-0.899368903
25.51,0,0.133557,-0.187408095,0.590343818,-0.22242797,0.200393391,0.185160868,-0.177797767,0.095147547,-0.371368,-0.6633,-0.166449,0.4444174512591164,-0.348752,-1.94245,-0.672588886,-0.028479557,0.619951914212708,-0.993198084
25.61,0,0.129777,-0.192945655,0.589359513,-0.277900364,0.200660842,0.184405309,-0.218191656,0.091780178,-0.371257,-0.72426,-0.248069,0.3908851087621002,-0.560234,-1.92267,-0.741296123,-0.05014747,0.6181011551693738,-1.091675117
25.71,0,0.128191,-0.197920959,0.58841903,-0.331133972,0.200913742,0.183690525,-0.252846157,0.088959631,-0.37091,-0.749266,-0.383478,0.3373527662650839,-0.724303,-1.83894,-0.822865352,-0.072664238,0.6154550763210693,-1.1948
25.81,0,0.128822,-0.202334009,0.587522369,-0.382128794,0.20115209,0.183016517,-0.281761272,0.086685905,-0.369954,-0.773899,-0.552604,0.2838204237680677,-0.856351,-1.67451,-0.917296573,-0.09602986,0.6120136776677945,-1.1139
25.91,0,0.130474,-0.206184803,0.58682295,-0.41549606,0.201375887,0.182383283,-0.304937,0.084959,-0.368965,-0.798074,-0.741715,0.2302880812710514,-0.98142,-1.45233,-1.040991495,-0.109198356,0.6077769592095492,-1.0324
26.01,0,0.133508,-0.209473342,0.586165923,-0.447416922,0.201585132,0.181790825,-0.321884,0.085044,-0.367739,-0.820985,-0.931753,0.1767557387740351,-1.09966,-1.20736,-1.20353,-0.120635977,0.6027449209463337,-0.960809
26.11,0,0.138167,-0.212199626,0.585551287,-0.47789138,0.201779826,0.181239142,-0.344967,0.085207,-0.366531,-0.842649,-1.1039,0.1232233962770188,-1.19751,-0.954141,-1.33254,-0.130342722,0.5969175628781478,-0.884092
26.21,0,0.144091,-0.214363655,0.585672505,-0.4907206201206204,0.201959969,0.180728234,-0.370244,0.085369,-0.36531,-0.851293561,-1.24806,0.0696910537800026,-1.27355,-0.721614,-1.45266,-0.138318591,0.5902948850049917,-0.808447
26.31,0,0.147705,-0.215965428,0.58579305,-0.5119651429944675,0.20212556,0.180258101,-0.397723,0.085164,-0.363903,-0.860425599,-1.36882,0.0692569584546718,-1.32445,-0.54884,-1.57348,-0.144563584,0.5828768873268652,-0.737524
26.41,0,0.144992,-0.217004947,0.585912921,-0.5416249486215415,0.202276599,0.179828744,-0.427525,0.084814,-0.362536,-0.870045116,-1.47142,0.068822863129341,-1.33772,-0.482011,-1.70953,-0.149077702,0.5753041949028226,-0.631459
26.51,0,0.14107,-0.21748221,0.586032119,-0.5797000370018421,0.202413087,0.179440161,-0.456413,0.084769,-0.361188,-0.88015211,-1.55499,0.0683887678040102,-1.32448,-0.437394,-1.83299,-0.151860945,0.5670825069409563,-0.518005
26.61,0,0.138298,-0.217397219,0.586150644,-0.6261904081353693,0.202535023,0.179092354,-0.4954,0.084548,-0.359278,-0.890746582,-1.61915,0.0679546724786794,-1.30811,-0.391886,-1.92929,-0.152913311,0.5582118234412666,-0.417957
26.71,0,0.136779,-0.216749972,0.586268496,-0.6810960620221234,0.202642408,0.178785322,-0.542755476,0.084353,-0.357438,-0.901828532,-1.66116,0.0675205771533487,-1.28147,-0.346304,-1.99942,-0.152234802,0.5486921444037534,-0.326238
26.81,0,0.136169,-0.21554047,0.586385674,-0.7444169986621041,0.202735242,0.178519066,-0.586465078,0.084565,-0.355462,-0.913397959,-1.68801,0.0670864818280179,-1.25786,-0.293539,-2.0432,-0.149825418,0.5346516234007074,-0.253616
26.91,0,0.134907,-0.213768713,0.586502179,-0.8161532180553115,0.202813524,0.178293584,-0.626528805,0.084838,-0.352163,-0.925454865,-1.69951,0.0666523865026871,-1.2476,-0.231625,-2.05657,-0.145685158,0.5201631865431854,-0.191433
27.01,0,0.134913,-0.211434701,0.586618011,-0.8963047202017456,0.202877254,0.178108878,-0.662946657,0.085445,-0.348524,-0.937999248,-1.68941,0.0662182911773563,-1.23529,-0.18099,-2.04297,-0.139814022,0.5052268338311874,-0.143144
27.11,0,0.136225,-0.208538434,0.586733169,-0.9848715051014064,0.202926433,0.177964946,-0.692820212,0.086275,-0.345483,-0.951031109,-1.66569,0.0657841958520255,-1.23453,-0.148354,-2.01804,-0.13221201,0.464685516803352,-0.110673
27.21,0,0.13808,-0.205079911,0.587757522,-1.1014060294544248,0.20296106,0.17786179,-0.720738344,0.087252,-0.343389,-0.964550448,-1.63758,0.0653501005266947,-1.2922515654954807,-0.129507,-1.99392,-0.215657280587579,0.4208484043312384,-0.092424
27.31,0,0.140334,-0.201059134,0.588847749,-1.2313268252441862,0.202981136,0.177799409,-0.746701054,0.088333,-0.342,-0.972198587,-1.61403,0.1432537904740252,-1.3446187831030771,-0.107532,-1.97251,-0.2765800686001404,0.3737154964148463,-0.089245
27.41,0,0.142588,-0.196476101,0.590003851,-1.263628641359218,0.202986661,0.177777804,-0.770708342,0.088962,-0.341106,-0.97972333,-1.59127,0.2211574804213558,-1.391631652822789,-0.096231,-1.94903,-0.3149803740376843,0.3232867930541759,-0.091734
27.51,0,0.118029,-0.133831,0.593728,-1.267990158362981,0.219988,0.18698,-0.80614,0.087647,-0.329815,-1.218635,-1.39743,0.2990611703686863,-1.437065177974992,-0.283959,-1.72267,-0.3308581969002107,0.2695622942492271,-0.419481
27.61,0,0.119209,-0.113707,0.596011,-1.2444113762554752,0.216535,0.197776,-0.671179,0.087793,-0.327245,-1.21278,-1.31879,0.3769648603160168,-1.4710862862534249,-0.388469,-1.50799,-0.3242135371877194,0.212542,-0.634423
27.71,0,0.113813,-0.092359,0.601755,-1.1928922950367011,0.208726,0.206412,-0.495552,0.087824,-0.324929,-1.182519,-1.24637,0.4548685502633474,-1.4936949776580877,-0.521858,-1.26818,-0.2950463949002107,-0.007238,-0.841603
27.81,0,0.107169,-0.074279,0.609143,-1.1134329147066586,0.195666,0.212783,-0.25085,0.088834,-0.32233,-1.128311,-1.18951,0.5327722402106778,-1.50489125218898,-0.657978,-1.06487,-0.2433567700376843,-0.198602,-1.02598
27.91,0,0.102288,-0.062201,0.615829,-0.9753050259135704,0.183275,0.216486,-0.015937,0.091465,-0.320547,-1.040719,-1.13558,0.6106759301580084,-1.5046751098461022,-0.798637,-0.910649,-0.1691446626001404,-0.310917,-1.14503
28.01,0,0.103866,-0.055423,0.622739,-0.7499356883143576,0.174651,0.217628,0.163783,0.097974,-0.318526,-0.894718,-1.06313,0.6885796201053389,-1.4930465506294546,-0.945487,-0.776732,-0.0724100725875789,-0.351136,-1.20673
28.11,0,0.126336773,-0.049132,0.629148,-0.5433630255070524,0.169017,0.218524,0.283913,0.104891,-0.317665,-0.72081,-0.981592,0.7664833100526695,-1.4700055745390364,-1.11682,-0.662372,0.046847,-0.365679,-1.21331
28.21,0,0.14469849,-0.035931,0.637825,-0.35558703749165504,0.168614,0.22068,0.290781,0.120233,-0.309612,-0.489037,-0.872699,0.844387,-1.4355521815748482,-1.27914,-0.560821,0.129012,-0.346922,-1.17718
28.31,0,0.15895115,-0.008019,0.64187,-0.18660772426816494,0.170954,0.224227,0.275272,0.149178,-0.287906,-0.106679,-0.791543,1.04442,-1.3896863717368897,-1.42595,-0.491353,0.196077,-0.313182,-1.08223
28.41,0,0.169094754,0.025098,0.636031,-0.03642508583658247,0.170473,0.227883,0.271968,0.163893,-0.270525,0.107601,-0.715713,1.23558,-1.3324081450251613,-1.56821,-0.487504,0.242886,-0.223162,-0.959042
28.51,0,0.175129301,0.051202,0.631747,0.09496087780309222,0.167095,0.230196,0.301654,0.155326,-0.260782,-0.050393,-0.591331,1.47059,-1.2300546895994595,-1.71814,-0.57878,0.314635,-0.04803,-0.846753
28.61,0,0.177054791,0.074525,0.628441,0.20755016665085968,0.164369,0.230489,0.330075,0.15526,-0.254226,-0.102229,-0.528183,1.62037,-1.108117728518385,-1.81005,-0.718801,0.368236,0.150778,-0.726198
28.71,0,0.174871225,0.090915,0.625898,0.30134278070671916,0.162135,0.228667,0.353703,0.155497,-0.246539,-0.059789,-0.532951,1.65692,-0.9665972617819368,-1.79023,-0.881875,0.402182,0.376942,-0.606914
28.81,0,0.168578602,0.093248,0.62588,0.3763387199706712,0.160439,0.225635,0.380948,0.151927,-0.241211,-0.035241,-0.555932,1.58488,-0.772885,-1.65675,-1.02822,0.486852,0.604904,-0.469645
28.91,0,0.158176922,0.087549,0.622334,0.43253798444271574,0.158879,0.223465,0.406906,0.15488,-0.243737,0.018113,-0.57592,1.45915,-0.613917,-1.47766,-1.14622,0.523439,0.90336,-0.39501
29.01,0,0.143666186,0.073773,0.619461,0.4699405741228526,0.15821,0.220785,0.422015,0.15595,-0.249081,0.039077,-0.601531,1.32137,-0.397252,-1.31989,-1.22382,0.588954,1.15876,-0.348956
29.11,0,0.139224055,0.05538,0.61745,0.48854648901108205,0.158559,0.217606,0.431626,0.155005,-0.254502,0.05229,-0.630668,1.19667,-0.163023,-1.21525,-1.27333,0.62744,1.36584,-0.336622
29.21,0,0.134825817,0.029461,0.618352,0.4883557291074039,0.159178,0.214382,0.439379,0.152223,-0.260319,0.038441,-0.646344,1.04321,0.080555,-1.13438,-1.29566,0.616451,1.53801,-0.373302
29.31,0,0.13047147,-0.003043,0.624514,0.46936829441181793,0.160342,0.211197,0.441827,0.148585,-0.266639,0.019166,-0.643107,0.861879,0.269632,-1.07859,-1.33474,0.508279,1.5708,-0.500953
29.41,0,0.126161014,-0.0331,0.634276,0.4315841849243245,0.162071,0.20858,0.420205,0.142238,-0.269789,-0.034162,-0.635209,0.641935,0.353423,-1.04942,-1.34149,0.248085,1.5708,-0.749236
29.51,0,0.12189445,-0.052296,0.640438,0.3750034006449235,0.164464,0.206925,0.373099,0.13583,-0.271772,-0.102895,-0.628245,0.374363,0.360496,-1.01036,-1.28042,-0.123243,1.5708,-1.05267
29.61,0,0.117671777,-0.069771,0.642852,0.2996259415736149,0.168303,0.204553,0.308184,0.131564,-0.275194,-0.152722,-0.634109,0.113484,0.37904,-0.961147,-1.23663,-0.349066,1.5708,-1.25745
29.71,0,0.113492995,-0.095003,0.642809,0.20545180771039878,0.174246,0.197327,0.235451,0.128082,-0.279347,-0.186662,-0.636802,-0.019989,0.418325,-0.8681,-1.26819,-0.349066,1.5708,-1.22557
29.81,2,0.109358105,-0.117495,0.641284,0.09248099905527501,0.18111,0.186741,0.153058,0.124644,-0.282022,-0.21754,-0.697778,-0.139862,0.442199,-0.753629,-1.36547,-0.349066,1.5708,-1.20523
29.91,2,0.105267107,-0.14219,0.638361,-0.03928648439175629,0.186099,0.169046,0.112688,0.121906,-0.283008,-0.245085,-0.80098,-0.207903,0.433279,-0.60925,-1.49031,-0.349066,1.5708,-1.17712
30.01,2,0.10122,-0.167799,0.635606,-0.08096425799778814,0.193916,0.143567,0.006627,0.118948,-0.281708,-0.283652,-0.93287,-0.23763,0.359643,-0.419641,-1.59603,-0.349066,1.5708,-1.12081
30.11,2,0.093441,-0.188936,0.634029,-0.12062345021668323,0.204089,0.113808,-0.12374749412820076,0.116827,-0.279984,-0.321414,-1.03535,-0.26532,0.230887,-0.224675,-1.65869,-0.349066,1.5708,-1.06527
30.21,2,0.087991,-0.207157,0.634657,-0.15826406104844157,0.2175,0.082332,-0.23556474676922243,0.11447,-0.278166,-0.376341,-1.0869,-0.30696,0.030337,-0.061324,-1.67987,-0.349066,1.5708,-1.02865
30.31,2,0.086235,-0.219495,0.634966,-0.1938860904930631,0.234929,0.053032,-0.3288247579230651,0.112365,-0.27812,-0.42914,-1.08953,-0.349066,-0.190308,0.0,-1.68328,-0.349066,1.5708,-0.998001
30.41,2,0.08642,-0.228983,0.636589,-0.22748953855054788,0.257972,0.02285,-0.4035275275897288,0.110901,-0.277558,-0.478445,-1.05191,-0.349066,-0.419095,0.0,-1.68198,-0.349066,1.5708,-0.981086
30.51,2,0.087385,-0.235834,0.638209,-0.25907440522089586,0.286625,-0.009717,-0.45967305576921347,0.110006,-0.277092,-0.510117,-1.01755,-0.349066,-0.65358,0.0,-1.66956,-0.349066,1.5708,-0.963165
30.61,2,0.088993,-0.241393,0.639401,-0.288640690504107,0.311648,-0.045772,-0.497261342461519,0.109404,-0.277252,-0.52449,-0.998034,-0.349066,-0.873424,0.0,-1.65094,-0.349066,1.5708,-0.945308
30.71,2,0.092238,-0.242313,0.642335,-0.3161883944001814,0.327584,-0.081291,-0.5162923876666456,0.109257,-0.277191,-0.531953,-1.00511,-0.349066,-1.12114,-0.055732,-1.63905,-0.349066,1.5708,-0.923136
30.81,2,0.098818,-0.237663,0.649996,-0.3417175169091191,0.336484,-0.11698,-0.5167661913845931,0.110574,-0.276633,-0.536118,-1.02206,-0.349066,-1.31506,-0.171221,-1.63783,-0.349066,1.5708,-0.884509
30.21,2,0.170279983,-0.018918,0.631334,-0.36522805803092,0.25453,-0.000197,-0.49868275361536174,0.112791,-0.277278,-0.518737,-1.05131,-0.349066,-1.45261,-0.289268,-1.63288,-0.349066,1.5708,-0.838363
31.01,0,0.103073,-0.227907,0.660308,-0.3867200177655842,0.347796,-0.141663,-0.4620420743589513,0.112758,-0.27929,-0.499407,-1.07838,-0.296841,-1.53936,-0.406696,-1.60721,-0.349066,1.5708,-0.779668
31.11,0,0.090755,-0.222929,0.658761,-0.4061933961131115,0.341075,-0.119991,-0.4068441536153616,0.111309,-0.281325,-0.495407,-1.07945,-0.131997,-1.56739,-0.57164,-1.57512,-0.349066,1.5708,-0.69977
31.21,0,0.076202,-0.210353921,0.654594,-0.4236481930735021,0.328751,-0.088996,-0.3330889913845931,0.112361,-0.282083,-0.462815,-1.05529,0.102841,-1.56442,-0.759109,-1.55213,-0.349066,1.5708,-0.611765
31.31,2,0.060945,-0.198518785,0.64834,-0.372847215716226,0.316581,-0.059388,-0.24077658766664572,0.118509,-0.284721,-0.337798,-1.00791,0.362425,-1.53574,-0.937619,-1.53994,-0.349066,1.5708,-0.525218
31.41,2,0.056735533,-0.18742359,0.640757,-0.3265340718014341,0.298146,-0.035062,-0.12990694246151907,0.121997,-0.288088,-0.257838,-0.934645,0.638659,-1.4495,-1.09989,-1.54884,-0.349066,1.5708,-0.444004
31.51,2,0.07132106,-0.177068336,0.635222,-0.28470876132912676,0.279464,-0.01417,-0.00048005576921339443,0.12464,-0.29037,-0.204343,-0.822237,0.938717,-1.29403,-1.26112,-1.56255,-0.349066,1.5708,-0.361767
31.61,2,0.084333403,-0.167453025,0.629316,-0.2473712842993036,0.260206,0.009523,0.1475040724102712,0.126095,-0.292454,-0.177773,-0.678013,1.20963,-1.08716,-1.39939,-1.56498,-0.349066,1.5708,-0.276843
31.71,2,0.095772561,-0.158577655,0.624964,-0.21452164071196475,0.241993,0.028014,0.31404544207693486,0.128067,-0.294273,-0.150708,-0.54041,1.37542,-0.885461,-1.45046,-1.54141,-0.349066,1.5708,-0.18775
31.81,2,0.105638534,-0.150442227,0.622268,-0.18615983056711022,0.227595,0.040449,0.4991440532307775,0.130254,-0.295826,-0.129702,-0.43927,1.42775,-0.727434,-1.39477,-1.49745,-0.349066,1.5708,-0.095928
31.91,2,0.113931323,-0.14304674,0.620835,-0.16228585386473998,0.219187,0.046553,0.7027999058717992,0.131838,-0.297064,-0.119544,-0.356693,1.44076,-0.595039,-1.28168,-1.45292,-0.349066,1.5708,-0.012493
32.01,2,0.120650927,-0.136391195,0.619671,-0.14289971060485415,0.215613,0.049213,0.925013,0.132625,-0.297837,-0.116045,-0.28018,1.44007,-0.470625,-1.1439,-1.42091,-0.349066,1.5708,0.0
32.11,2,0.125797347,-0.130475592,0.618465,-0.12800140078745254,0.212452,0.052648,0.987095,0.132882,-0.298197,-0.116918,-0.222926,1.43829,-0.347018,-0.988612,-1.40389,-0.349066,1.5708,0.0
31.71,2,0.159370582,0.105299931,0.617258,-0.11759092441253527,0.210944,0.024971,0.229421,0.132962,-0.298238,-0.116257,-0.184226,1.43666,-0.233819,-0.837305,-1.39754,-0.349066,1.5708,0.0
32.31,0,0.131370632,-0.120864212,0.616353,-0.11166828148010231,0.210366,0.057125,1.051942,0.132441,-0.29808,-0.121603,-0.155964,1.44247,-0.140776,-0.686329,-1.40527,-0.349066,1.5708,0.0
32.41,0,0.131797498,-0.117168434,0.615408,-0.11023347199015374,0.208361,0.063137,1.050182,0.131915,-0.297828,-0.127177,-0.14689,1.45904,-0.074944,-0.541389,-1.42206,-0.349066,1.5708,0.0
32.51,0,0.130651179,-0.114212598,0.615134,-0.11328649594268937,0.199616,0.071394,1.037107,0.131021,-0.297481,-0.135306,-0.147461,1.47467,-0.023373,-0.416051,-1.44389,-0.349066,1.5708,0.0
32.61,0,0.127931675,-0.111996704,0.617753,-0.1208273533377094,0.185819,0.073473,1.01307,0.130338,-0.297181,-0.139668,-0.164323,1.47319,0.031775,-0.311637,-1.47261,-0.349066,1.5708,0.0
32.71,0,0.123638987,-0.110520751,0.621532,-0.1328560441752137,0.170512,0.069796,1.033889,0.12976,-0.296751,-0.14389,-0.187956,1.46411,0.09367,-0.24072,-1.50231,-0.349066,1.5708,0.0
32.81,0,0.117773114,-0.10978474,0.624927,-0.14937256845520233,0.150476,0.072897,1.077888,0.128314,-0.295904,-0.169613,-0.199799,1.45988,0.14777,-0.215413,-1.52734,-0.349066,1.5708,0.0
32.91,0,0.110334057,-0.109788671,0.631324,-0.1703769261776753,0.133846,0.091598,1.061428,0.127518,-0.294775,-0.181672,-0.179401,1.42895,0.200634,-0.225922,-1.53692,-0.349066,1.5708,0.0
33.01,0,0.101321815,-0.110532544,0.634601,-0.19586911734263251,0.122507,0.116119,1.029041,0.126919,-0.293192,-0.188949,-0.149556,1.37968,0.261432,-0.243854,-1.52906,-0.349066,1.5708,0.0
33.11,0,0.090736388,-0.112016358,0.636807,-0.2258491419500741,0.114312,0.1479,0.971403,0.126265,-0.291654,-0.194213,-0.129025,1.31591,0.313207,-0.25727,-1.52316,-0.349066,1.5708,0.0
33.21,0,0.078577777,-0.103689035,0.638621,-0.260317,0.105257,0.185982,0.919726,0.125298,-0.28966,-0.202407,-0.115965,1.24895,0.347629,-0.271642,-1.53562,-0.349066,1.5708,0.0
33.31,0,0.064845981,-0.094027643,0.637128,-0.265875,0.096707,0.21487,0.893116,0.125099,-0.287108,-0.202404,-0.106484,1.20124,0.371533,-0.284976,-1.55071,-0.349066,1.5708,0.0
33.41,0,0.049541,-0.083032182,0.62703,-0.282416,0.08786,0.236264,0.906744,0.125167,-0.283743,-0.202683,-0.08824,1.20232,0.384757,-0.27224,-1.54901,-0.349066,1.57078,0.0
33.51,0,0.054954,-0.070702652,0.617632,-0.293952,0.087406,0.258806,0.998657,0.126175,-0.28175,-0.178361,-0.069542,1.21165,0.404346,-0.243724,-1.53564,-0.349066,1.55053,0.0
33.61,0,0.06007,-0.057039052,0.611995,-0.299072,0.086265,0.2762,1.062943,0.125994,-0.277796,-0.179913,-0.050308,1.22123,0.418105,-0.224509,-1.5102,-0.349066,1.5023,0.0
33.71,0,0.064125,-0.042041383,0.614226,-0.294213,0.086895,0.290145,1.096654,0.124735,-0.27284,-0.202998,-0.020049,1.24021,0.411635,-0.212078,-1.45718,-0.349066,1.44012,0.0
33.81,0,0.068388,-0.025709645,0.619932,-0.289987,0.087165,0.301986,1.116626,0.125049,-0.267654,-0.204626,0.002019,1.2534,0.401975,-0.208869,-1.3991,-0.349066,1.36192,0.0
33.91,0,0.073515,-0.008043838,0.625115,-0.282156,0.08679,0.309731,1.133917,0.126094,-0.263592,-0.1949,0.028901,1.27422,0.390108,-0.212842,-1.335,-0.349066,1.26239,0.0
34.01,0,0.079458,0.010956039,0.628605,-0.268764,0.085616,0.314582,1.147195,0.128005,-0.260054,-0.173679,0.060182,1.29258,0.378285,-0.230765,-1.26069,-0.349066,1.17263,0.0
34.11,0,0.087332,0.031289985,0.630398,-0.250094,0.084407,0.318295,1.153868,0.129945,-0.257043,-0.155448,0.095813,1.29781,0.36959,-0.260826,-1.20432,-0.349066,1.05304,0.0
34.21,0,0.095773,0.052958,0.631285,-0.228266,0.084037,0.320733,1.160272,0.132085,-0.25469,-0.13622,0.136694,1.29872,0.372304,-0.298258,-1.14486,-0.349066,0.938494,0.0
34.31,0,0.103343,0.069009,0.631597,-0.204814,0.083956,0.322287,1.170952,0.134449,-0.251697,-0.113802,0.168351,1.29451,0.383946,-0.349996,-1.08117,-0.349066,0.839081,0.0
34.41,0,0.111379,0.084005,0.631338,-0.183572,0.083817,0.323034,1.177254,0.137256,-0.248764,-0.084979,0.194298,1.29391,0.403621,-0.389515,-1.02115,-0.349066,0.756014,0.0
34.51,0,0.118315,0.096106,0.630574,-0.164612,0.083398,0.323237,1.178756,0.140034,-0.246681,-0.046465,0.187539,1.30133,0.4539,-0.407164,-0.976145,-0.349066,0.681211,0.0
34.61,0,0.123675,0.104619,0.629696,-0.151745,0.08267,0.322923,1.18065,0.141513,-0.244652,-0.023149,0.161523,1.31326,0.522651,-0.407458,-0.945327,-0.349066,0.625282,0.0
34.71,0,0.125585,0.106773,0.629617,-0.14581,0.082025,0.321811,1.175778,0.14167,-0.244302,-0.014917,0.154317,1.32523,0.567884,-0.39008,-0.928005,-0.349066,0.604066,0.0
34.81,0,0.124033,0.103727,0.630068,-0.147881,0.081918,0.32081,1.162697,0.140556,-0.245308,-0.026325,0.152525,1.33423,0.58976,-0.368228,-0.932664,-0.349066,0.611917,0.0
34.91,0,0.12152,0.099701,0.630375,-0.151187,0.081836,0.320123,1.156207,0.139532,-0.24684,-0.036649,0.14768,1.34115,0.598281,-0.360296,-0.943075,-0.349066,0.624821,0.0
35.01,0,0.120283,0.100464,0.629877,-0.149408,0.081592,0.320657,1.163835,0.139443,-0.246496,-0.03563,0.149762,1.35032,0.594276,-0.374308,-0.941678,-0.349066,0.612938,0.0
35.11,0,0.121888,0.106649,0.628401,-0.126757,0.080501,0.321114,1.194732,0.140921,-0.245033,-0.020781,0.168913,1.36574,0.561127,-0.421378,-0.910767,-0.349066,0.563162,0.0
35.21,0,0.129755,0.113309,0.626206,-0.073022,0.078462,0.319792,1.257006,0.143936,-0.244051,0.003948,0.168207,1.38711,0.522365,-0.49814,-0.909414,-0.349066,0.422861,0.0
35.31,0,0.141037,0.117781,0.624449,0.017515,0.075566,0.315953,1.339523,0.147861,-0.242952,0.036765,0.125334,1.41181,0.47783,-0.585672,-0.972723,-0.349066,0.218185,0.0
35.41,0,0.14757,0.121165,0.626888,0.154395,0.071936,0.311158,1.402823,0.152476,-0.238395,0.087414,0.026581,1.40739,0.410488,-0.697059,-1.08785,-0.349066,0.024406,0.0
35.51,0,0.140693,0.118696,0.632373,0.345438,0.069163,0.307832,1.412208,0.155559,-0.235898,0.166055,-0.175089,1.36829,0.316862,-0.842853,-1.23149,-0.264026,-0.094776,0.0
35.61,0,0.125222,0.10935,0.62633,0.602772,0.069952,0.310144,1.290813,0.1518,-0.246295,0.162573,-0.538808,1.35106,0.166807,-1.01158,-1.42883,-0.167168,-0.057126,0.0
35.71,0,0.12175,0.087718,0.614863,0.760909,0.076912,0.308084,1.197633,0.152077,-0.259362,0.150458,-0.841361,1.28888,-0.026604,-1.09552,-1.52163,-0.014555,0.162523,0.0
35.81,0,0.124763,0.055065,0.610165,0.807559,0.08191,0.302927,1.155773,0.151783,-0.268857,0.144423,-0.916859,1.15816,-0.064695,-1.09128,-1.49659,0.217752,0.456648,0.0
35.91,0,0.131467,0.012359,0.607059,0.797027,0.086574,0.297132,1.121938,0.150121,-0.277859,0.12392,-0.868922,0.973577,0.007821,-1.08064,-1.41318,0.415333,0.709696,0.0
36.01,0,0.140273,-0.03322,0.603121,0.728565,0.099903,0.290288,1.004916,0.147711,-0.284468,0.102758,-0.757393,0.798124,0.099631,-1.06161,-1.29177,0.506905,0.944703,-0.055689
36.11,0,0.141365,-0.07478,0.602266,0.592375,0.124369,0.277699,0.748678,0.143692,-0.289408,0.064297,-0.651213,0.62393,0.161716,-1.02994,-1.13654,0.393498,1.15893,-0.261648
36.21,0,0.129069,-0.095775,0.608048,0.400707,0.144165,0.262721,0.47497,0.13751,-0.291699,0.004049,-0.604079,0.408811,0.195117,-0.999363,-1.00452,0.004036,1.33249,-0.619019
36.31,0,0.121268,-0.10166,0.615167,0.182028,0.147933,0.251005,0.364937,0.132399,-0.292319,-0.048809,-0.638612,0.195335,0.173515,-0.953794,-0.956846,-0.349065,1.40008,-0.987024
36.41,0,0.118954,-0.115376,0.616103,-0.064454,0.153608,0.242712,0.244922,0.128098,-0.292174,-0.093275,-0.715635,0.089673,0.123414,-0.856847,-1.05287,-0.349066,1.38323,-0.940271
36.51,0,0.113475,-0.125358,0.611445,-0.302222,0.156611,0.242802,0.152281,0.123426,-0.29033,-0.149031,-0.847342,0.020703,0.018058,-0.712477,-1.19134,-0.349066,1.37688,-0.891662
36.61,0,0.105975,-0.132556,0.605854,-0.518234,0.159074,0.243976,0.094167,0.118596,-0.2877,-0.216525,-1.00014,-0.045136,-0.09645,-0.562641,-1.31753,-0.349066,1.34893,-0.84235
36.71,0,0.096112,-0.136721,0.602527,-0.686379,0.162783,0.24346,0.020871,0.111625,-0.282367,-0.350561,-1.15166,-0.134487,-0.233921,-0.420258,-1.4304,-0.349066,1.29813,-0.772105
36.81,0,0.088798,-0.138375,0.599038,-0.827307,0.167011,0.243377,-0.049984,0.107326,-0.276953,-0.457061,-1.26624,-0.227494,-0.376998,-0.301015,-1.51364,-0.349066,1.23029,-0.700701
36.91,0,0.083446,-0.138494,0.595931,-0.945392,0.171854,0.242436,-0.111814,0.1046,-0.271761,-0.543273,-1.33829,-0.317787,-0.51049,-0.200108,-1.5812,-0.349066,1.17769,-0.626708
37.01,0,0.078739,-0.138215,0.593862,-1.04909,0.179827,0.237949,-0.18301,0.10302,-0.266836,-0.613933,-1.36553,-0.349066,-0.642707,-0.135736,-1.62068,-0.349066,1.10393,-0.562937
37.11,0,0.073745,-0.131537,0.592057,-1.12819,0.182436,0.238775,-0.204002,0.102175,-0.261188,-0.67818,-1.35136,-0.349066,-0.8263427093694982,-0.134232,-1.64662,-0.349066,1.00789,-0.51834
37.21,0,0.069906,-0.119103,0.591789,-1.165963,0.181624,0.243331,-0.159843,0.102163,-0.256651,-0.726334,-1.30026,-0.349066,-0.9897947722124414,-0.173648,-1.6486,-0.349066,0.845724,-0.483557
37.31,0,0.068933,-0.101893,0.593758,-1.162469,0.179699,0.24943,-0.092247,0.103475,-0.253157,-0.749726,-1.22568,-0.349066,-1.1330631885288294,-0.2239,-1.60112,-0.349066,0.596532,-0.496181
37.41,0,0.073992,-0.081873,0.598413,-1.129101,0.177092,0.255664,-0.022259,0.105282,-0.25053,-0.749937,-1.15176,-0.349066,-1.256147958318662,-0.266917,-1.48056,-0.349066,0.370907,-0.565315
37.51,0,0.079955,-0.061922,0.604007,-1.084381,0.174899,0.260777,0.035557,0.1068,-0.247993,-0.733883,-1.11013,-0.328425,-1.337707897902322,-0.280267,-1.31605,-0.349066,0.217607,-0.665999
37.61,0,0.085514,-0.042519,0.608804,-1.032681,0.172732,0.264954,0.094108,0.107824,-0.246858,-0.706326,-1.09089,-0.264616,-1.4039063478239158,-0.298711,-1.17471,-0.349066,0.145381,-0.731502
37.71,0,0.091718,-0.022764,0.612525,-0.973046,0.170775,0.268366,0.151288,0.108894,-0.246781,-0.660105,-1.07444,-0.171892,-1.454743308083443,-0.332599,-1.06678,-0.349066,0.104087,-0.749967
37.81,0,0.097891,-0.003816,0.616366,-0.89429,0.168034,0.271181,0.220017,0.110862,-0.248481,-0.595515,-1.05262,-0.042453,-1.490218778680905,-0.398281,-0.973586,-0.349066,0.058266,-0.751718
37.91,0,0.104181,0.014033,0.619651,-0.79095,0.165597,0.274117,0.283843,0.113985,-0.250796,-0.506196,-1.02701,0.125328,-1.5103327596162996,-0.492735,-0.884475,-0.349066,0.007264,-0.747253
38.01,0,0.110569,0.0311,0.621638,-0.657551,0.164578,0.277527,0.318013,0.118839,-0.252287,-0.396782,-1.00575,0.321469,-1.5150852508896286,-0.621704,-0.802498,-0.344015,-0.05398,-0.735659
38.11,0,0.11462,0.050757,0.623495,-0.524664,0.166197,0.281846,0.265247,0.121236,-0.247118,-0.365953,-0.981828,0.569015,-1.5044762525008917,-0.798412,-0.774005,-0.275904,-0.085223,-0.708356
38.21,0,0.124909,0.075038,0.628514,-0.404163,0.169185,0.286665,0.134355,0.117504,-0.230272,-0.501354,-0.928794,0.889277,-1.4785057644500883,-1.05083,-0.797363,-0.195738,-0.060471,-0.638704
38.31,1,0.135907,0.104724,0.634653,-0.32012,0.16825,0.291013,0.102612,0.119206,-0.197939,-0.613563,-0.833,1.20279,-1.4371737867372183,-1.30116,-0.857269,-0.069079,0.070251,-0.485666
38.41,1,0.146713,0.130601,0.640242,-0.228758,0.167501,0.294044,0.094727,0.132012,-0.166685,-0.548308,-0.687561,1.41463,-1.3804803193622828,-1.4849,-0.937663,0.081178,0.22712,-0.279895
38.51,1,0.149933,0.158833,0.644274,-0.1513,0.167073,0.296591,0.094076,0.143058,-0.132975,-0.499777,-0.563886,1.60217,-1.2891888508313754,-1.6214,-1.02987,0.232876,0.418837,-0.071213
38.61,1,0.148438,0.181578,0.651003,-0.067906,0.165965,0.297794,0.110508,0.156315,-0.096065,-0.42416,-0.540833,1.68201,-1.1797269747606922,-1.68068,-1.08185,0.340121,0.695435,0.0
38.71,1,0.146665,0.193781,0.660034,-0.005188,0.165281,0.297831,0.137851,0.172892,-0.05581,-0.288912,-0.561354,1.73766,-1.0520946911502338,-1.72755,-1.10241,0.420673,0.968274,0.0
38.81,1,0.149434,0.195595,0.669027,0.046527,0.165419,0.297092,0.151689,0.195625,-0.018019,-0.111359,-0.591957,1.76801,-0.906292,-1.77393,-1.14719,0.505812,1.11392,0.0
38.91,1,0.156252,0.194455,0.67508,0.091333,0.166453,0.296871,0.160265,0.223804,0.019051,0.036898,-0.638066,1.78777,-0.867321,-1.84077,-1.19253,0.574056,1.22074,0.0
38.81,1,0.163634,0.192618,0.679017,0.129694,0.167271,0.296718,0.167401,0.253211,-0.159356,0.351919,-0.683594,1.79893,-0.838078,-1.9145,-1.21172,0.634277,1.28424,0.0
39.11,0,0.168424,0.189775,0.682743,0.163608,0.16676,0.29635,0.201782,0.278049,0.063435,0.200032,-0.744086,1.7831,-0.807909,-1.98598,-1.21051,0.690456,1.29411,-0.001497
39.21,0,0.167582,0.186381,0.686277,0.185937,0.165121,0.295264,0.246302,0.287996,0.065906,0.160976,-0.806929,1.73247,-0.778778,-2.04439,-1.19577,0.720353,1.28116,-0.040119
39.31,0,0.160621,0.183961,0.689463,0.195867,0.16373,0.294512,0.264298,0.289907,0.066401,0.09282,-0.844392,1.63632,-0.722473,-2.07793,-1.14186,0.678273,1.25901,-0.135103
39.41,0,0.151335,0.1844,0.689111,0.200487,0.164081,0.295855,0.269941,0.294624,0.063732,0.025143,-0.840301,1.52221,-0.645191,-2.07872,-1.04828,0.551157,1.2323,-0.287087
39.51,0,0.14275,0.189139,0.685683,0.19621,0.164454,0.297031,0.25332,0.310668,0.053884,-0.030543,-0.777504,1.42458,-0.519119,-2.0618,-0.939857,0.338813,1.22057,-0.516516
39.61,0,0.139605,0.198872,0.679945,0.19352,0.164901,0.299534,0.244589,0.334422,0.037427,-0.088815,-0.677817,1.34883,-0.376449,-2.05587,-0.812102,0.056892,1.16236,-0.808525
39.71,1,0.142781,0.207185,0.674782,0.194983,0.165225,0.301083,0.236818,0.354212,0.014225,-0.158128,-0.572083,1.28238,-0.253309,-2.07543,-0.671598,-0.191081,1.01172,-1.05232
39.81,1,0.150106,0.208387,0.668368,0.194497,0.165447,0.301512,0.22974,0.372386,-0.005591,-0.171558,-0.474644,1.20919,-0.183313,-2.11127,-0.578485,-0.272665,0.809536,-1.08994
39.91,1,0.157607,0.202133,0.658452,0.171364,0.165834,0.300861,0.220698,0.383667,-0.02743,-0.215838,-0.388293,1.13548,-0.181555,-2.14332,-0.603015,-0.22269,0.649142,-0.938257
40.01,1,0.165773,0.192585,0.648047,0.137048,0.16648,0.29987,0.215185,0.392136,-0.044949,-0.257194,-0.346423,1.05854,-0.258254,-2.16045,-0.682926,-0.152958,0.523498,-0.751584
40.11,1,0.181492,0.178806,0.634679,0.097952,0.167852,0.298932,0.209938,0.403412,-0.057104,-0.228451,-0.329998,1.00222,-0.377315,-2.15335,-0.764466,-0.101755,0.44611,-0.579987
40.21,1,0.197663,0.165554,0.625611,0.049815,0.16944,0.297985,0.200303,0.414823,-0.059949,-0.213352,-0.33796,0.964435,-0.502279,-2.11685,-0.851699,-0.06881,0.427167,-0.432582
40.31,1,0.211398,0.150515,0.621952,-0.003548,0.170721,0.296713,0.202184,0.422511,-0.067124,-0.209818,-0.395442,0.916593,-0.607513,-2.02151,-0.93929,-0.025478,0.423423,-0.32393
40.21,1,0.022623,0.136404,0.622441,-0.059261,0.172222,0.295341,0.197977,0.356886,-0.151625,-0.226921,-0.47032,0.837439,-0.713902,-1.86868,-1.022,0.019018,0.426168,-0.241139
40.51,0,0.23361,0.123107,0.62381,-0.106574,0.17376,0.293947,0.195569,0.429204,-0.074253,-0.239348,-0.550361,0.744525,-0.822572,-1.70401,-1.10105,0.061922,0.429039,-0.164884
40.61,0,0.243999,0.111723,0.625669,-0.134935,0.17525,0.29261,0.19134,0.42957,-0.075472,-0.262919,-0.645922,0.611557,-0.92827,-1.50912,-1.16333,0.071443,0.452916,-0.112559
40.71,0,0.25409,0.102752,0.627872,-0.153481,0.176853,0.291348,0.185754,0.43032,-0.07626,-0.274742,-0.73597,0.460665,-1.01206,-1.30248,-1.22308,0.064868,0.4542,-0.070696
40.81,0,0.26305,0.098606,0.629872,-0.172311,0.17835,0.29041,0.179869,0.43099,-0.076515,-0.285861,-0.827345,0.342866955401112,-1.08851,-1.05105,-1.28175,0.051377,0.45238,-0.027162
40.91,0,0.271748,0.100201,0.631633,-0.192116,0.179297,0.29008,0.180404,0.431339,-0.076275,-0.29562,-0.919964,0.225068910802224,-1.15119,-0.770547,-1.33326,0.030523,0.436288,-2e-06
41.01,0,0.280042,0.106014,0.632978,-0.213515,0.179811,0.290118,0.184744,0.43143,-0.07535,-0.307875,-0.995781,0.1479035692377651,-1.17542,-0.490013,-1.36958,-0.001646,0.41527,0.0
41.11,0,0.286352,0.11196,0.633911,-0.233049,0.180337,0.290345,0.185889,0.43143,-0.074459,-0.317875,-1.05596,0.0707382276733062,-1.18081,-0.261146,-1.39743,-0.03292,0.399029,0.0
41.21,0,0.29022,0.11506,0.63511,-0.247524,0.18076,0.290362,0.187238,0.431473,-0.073903,-0.324198,-1.10431,-0.0064271138911526,-1.17883,-0.088542,-1.4221,-0.05953,0.347902,0.0
41.31,0,0.290557,0.113779,0.636036,-0.265027,0.181123,0.290016,0.189759,0.431879,-0.073828,-0.318645,-1.14043,-0.0835924554556115,-1.17953,-0.019194,-1.44415,-0.064348,0.34793,0.0
41.41,0,0.290484,0.113563,0.637112,-0.273162,0.181312,0.289847,0.18981,0.432107,-0.073834,-0.318592,-1.14847,-0.0841992042139292,-1.18855,-0.012667,-1.45737,-0.071616,0.351198,0.0
41.51,0,0.290563,0.1128,0.638219,-0.277969,0.181619,0.289653,0.188036,0.432291,-0.074018,-0.318799,-1.14876,-0.084805952972247,-1.19253,-0.009332,-1.46602,-0.073108,0.359971,0.0
41.61,0,0.291375,0.11131,0.639129,-0.284326,0.182002,0.289371,0.184577,0.432423,-0.074107,-0.318801,-1.14815,-0.0854127017305648,-1.18843,-0.003527,-1.47534,-0.077506,0.377987,0.0
41.71,0,0.292517,0.108268,0.639401,-0.293586,0.182258,0.288897,0.186078,0.432583,-0.074505,-0.319579,-1.14797,-0.0860194504888826,-1.16045,-0.003791,-1.48784,-0.089556,0.403346,0.0
41.81,0,0.290939,0.106395,0.637996,-0.309209,0.182137,0.288692,0.194212,0.431887,-0.074546,-0.335691,-1.13367,-0.0866261992472003,-1.13342,-0.019386,-1.50086,-0.10898,0.420175,0.0
41.91,0,0.282637,0.11891,0.634072,-0.294966,0.179096,0.288369,0.282546,0.430808,-0.073188,-0.34003,-1.08729,0.1577630406022397,-1.26234,-0.055482,-1.44283,-0.184394,0.392482,-0.08823
42.01,0,0.26558,0.141645,0.628896,-0.221734,0.17032,0.285704,0.47593,0.427889,-0.070268,-0.330663,-1.00763,0.4021522804516798,-1.46659,-0.207233,-1.26723,-0.290319,0.276315,-0.214917
42.11,0,0.245782,0.15334,0.631406,-0.103877,0.164779,0.2879,0.507524,0.421828,-0.062613,-0.288073,-0.869953,0.64654152030112,-1.5708,-0.46242,-1.00787,-0.292992,0.074296,-0.225114
42.21,1,0.234337,0.156823,0.638774,0.041309,0.161575,0.287364,0.518241,0.40772,-0.052171,-0.194843,-0.732463,0.89093076015056,-1.5708,-0.796009,-0.785607,-0.160938,-0.092562,-0.136174
42.31,1,0.226973,0.176264,0.64781,0.246073,0.157765,0.28595,0.559447,0.340733,-0.036469,-0.026071,-0.673225,1.13532,-1.4159,-1.0743,-0.646086,0.011674,-0.199393,-0.049452
42.41,1,0.233705,0.208074,0.650079,0.535133,0.155701,0.284804,0.600587,0.259332,-0.033681,0.105994,-0.69029,1.42876,-1.10823,-1.22234,-0.561738,0.186737,-0.112888,-1e-06
42.51,1,0.230605,0.215616,0.63028,0.869664,0.152624,0.281066,0.643651,0.198709,-0.035313,0.280569,-0.80149,1.44154,-0.885715,-1.35169,-0.524442,0.366236,0.1852,0.0
42.61,1,0.207094,0.197234,0.619021,1.078387,0.15078,0.276373,0.644172,0.172002,-0.05443,0.347379,-0.951802,1.32482,-0.742762,-1.35932,-0.590655,0.49446,0.616525,0.0
42.71,1,0.191142,0.164136,0.617695,1.159304,0.150695,0.271644,0.635379,0.268732,-0.153722,0.351919,-1.0263,1.13489,-0.537434,-1.31986,-0.651905,0.559492,0.979528,0.0
42.81,0,0.178587,0.118831,0.619738,1.126881,0.151058,0.267784,0.624329,0.166135,-0.070182,0.31691,-1.02255,0.917959,-0.228352,-1.30178,-0.715188,0.545777,1.43263,0.0
42.91,0,0.169075,0.067358,0.631958,0.996741,0.151414,0.263094,0.64826,0.166771,-0.074826,0.369407,-0.974262,0.771466,0.070425,-1.31395,-0.929687,0.486712,1.5708,-0.094155
43.01,0,0.152883,0.025988,0.650948,0.806045,0.152334,0.260583,0.675748,0.162158,-0.078163,0.371473,-0.88331,0.667798,0.200855,-1.31258,-1.23092,0.184687,1.5708,-0.523781
43.11,0,0.124997,0.013555,0.6575,0.627334,0.15197,0.261443,0.682756,0.157397,-0.079774,0.325874,-0.79965,0.468178,0.290305,-1.21634,-1.4643,-0.279203,1.5708,-1.06037
43.21,0,0.112505,0.002781,0.658575,0.421518,0.15361,0.261597,0.689853,0.155108,-0.08247,0.304811,-0.715325,0.296693,0.377468,-1.06998,-1.71431,-0.349066,1.5708,-1.17396
43.31,0,0.109894,-0.002577,0.659773,0.249237,0.155931,0.261562,0.686425,0.153588,-0.084112,0.295806,-0.691648,0.1959363908743771,0.44993,-0.869661,-1.96939,-0.349066,1.5708,-1.09386
43.41,0,0.111381,-0.003468,0.661091,0.119138,0.156263,0.265042,0.706665,0.152141,-0.085448,0.281315,-0.720265,0.0951797817487542,0.459368,-0.639164,-2.18475,-0.349066,1.56602,-0.994129
43.51,0,0.110942,-0.006848,0.662973,0.009659,0.155766,0.264272,0.723464,0.150785,-0.086276,0.276348,-0.761183,-0.0055768273768685,0.322,-0.408105,-2.3534,-0.349066,1.48963,-0.941435
43.61,0,0.104127,-0.01429,0.665477,-0.073487,0.146468,0.25846,0.754734,0.149132,-0.086417,0.264015,-0.82868,-0.1063334365024915,0.057957,-0.187565,-2.47466,-0.33507,1.41653,-0.919961
43.71,2,0.094642,-0.020195,0.665497,-0.122877,0.134254,0.251339,0.799022,0.148286,-0.086283,0.262078,-0.892595,-0.2070900456281144,-0.223352,-0.052319,-2.55235,-0.283694,1.35198,-0.852944
43.81,2,0.084491,-0.026625,0.662426,-0.15302,0.11715,0.250526,0.901248,0.14784,-0.086663,0.260452,-0.934245,-0.2033834657394708,-0.584318,-0.020573,-2.60399,-0.235002,1.28112,-0.789246
43.91,2,0.076974,-0.025701,0.658681,-0.148546,0.099725,0.259857,1.010653,0.149024,-0.086687,0.277032,-0.940395,-0.1996768858508273,-0.862816,-0.136504,-2.6348,-0.244954,1.23555,-0.777435
44.01,2,0.069642,-0.018163,0.656189,-0.100746,0.08618,0.272032,1.097874,0.151349,-0.086839,0.298374,-0.939745,-0.1959703059621838,-1.14799,-0.334057,-2.64205,-0.313449,1.23055,-0.82117
44.11,2,0.061858,-0.01048,0.653729,-0.026106,0.072823,0.280106,1.208173,0.1538,-0.087386,0.318104,-0.933481,-0.1922637260735402,-1.38317,-0.515623,-2.63735,-0.349066,1.25855,-0.846763
44.21,2,0.057182,-0.008184,0.652497,0.051953,0.136474,0.064047,1.302966,0.156916,-0.087586,0.349057,-0.914525,-0.1885571461848967,-1.5036,-0.623505,-2.63177,-0.349066,1.30524,-0.819529
44.31,0,0.056325,-0.011659,0.651496,0.129031,0.067548,0.28212,1.407525,0.158903,-0.087738,0.367097,-0.877064,0.0246222830520826,-1.53545,-0.745355,-2.63094,-0.349066,1.3418,-0.788546
44.41,0,0.061529,-0.014918,0.650963,0.186556,0.069331,0.281112,1.443751,0.159655,-0.087665,0.371479,-0.811208,0.237801712289062,-1.4789,-0.8841,-2.63601,-0.349066,1.37495,-0.767544
44.51,0,0.071166,-0.019268,0.648759,0.218179,0.070543,0.280677,1.461812,0.159308,-0.088014,0.362995,-0.706205,0.4509811415260414,-1.36904,-1.00784,-2.6463,-0.349066,1.41533,-0.75975
44.61,0,0.083442,-0.024265,0.645229,0.234748,0.071444,0.27995,1.482338,0.158987,-0.088366,0.355268,-0.572542,0.6641605707630207,-1.1652,-1.09764,-2.66163,-0.349066,1.46108,-0.75063
44.71,0,0.096378,-0.027868,0.641605,0.247666,0.071644,0.279802,1.498574,0.158524,-0.088642,0.347127,-0.439401,0.87734,-0.906615,-1.08727,-2.68131,-0.339258,1.50847,-0.72108
44.81,0,0.105675,-0.028226,0.639381,0.264082,0.071671,0.280196,1.51781,0.158357,-0.088584,0.346757,-0.356376,0.946434,-0.704777,-0.975687,-2.69011,-0.331652,1.53398,-0.689034
44.91,0,0.111888,-0.026239,0.638798,0.277484,0.071369,0.280424,1.536244,0.158448,-0.0884,0.35157,-0.321716,0.961212,-0.541864,-0.812517,-2.69001,-0.336408,1.54764,-0.669854
45.01,0,0.116381,-0.023136,0.639374,0.285458,0.071271,0.28063,1.541529,0.158393,-0.088139,0.353337,-0.322351,0.965375,-0.400032,-0.64405,-2.68664,-0.349014,1.55216,-0.662589
45.11,0,0.119261,-0.021542,0.63974,0.286916,0.071465,0.280716,1.535137,0.158337,-0.088117,0.353079,-0.331276,0.981182,-0.297047,-0.505664,-2.68273,-0.349066,1.55346,-0.656405
45.21,0,0.121687,-0.021386,0.639976,0.286219,0.071502,0.28029,1.530249,0.15824,-0.088363,0.350859,-0.356729,1.00092,-0.217921,-0.399085,-2.68474,-0.349066,1.55629,-0.653825
45.31,0,0.123458,-0.0226,0.640157,0.281693,0.071646,0.279448,1.525988,0.158045,-0.088729,0.348606,-0.374828,1.01337,-0.169242,-0.313195,-2.69083,-0.349066,1.55854,-0.653932
45.41,0,0.124478,-0.025279,0.639679,0.278696,0.071531,0.278142,1.524847,0.157698,-0.089155,0.34147,-0.377363,1.0154,-0.149045,-0.279658,-2.69159,-0.349066,1.56187,-0.655249
45.51,0,0.124478,-0.025279,0.639679,0.278696,0.071531,0.278142,1.524847,0.157698,-0.089155,0.34147,-0.377363,1.0154,-0.149045,-0.279658,-2.69159,-0.349066,1.56187,-0.655249
45.61,0,0.124478,-0.025279,0.639679,0.278696,0.071531,0.278142,1.524847,0.157698,-0.089155,0.34147,-0.377363,1.0154,-0.149045,-0.279658,-2.69159,-0.349066,1.56187,-0.655249
45.71,0,0.124478,-0.025279,0.639679,0.278696,0.071531,0.278142,1.524847,0.157698,-0.089155,0.34147,-0.377363,1.0154,-0.149045,-0.279658,-2.69159,-0.349066,1.56187,-0.655249
47.11,3,0.124478,-0.04435,0.639679,0.0,0.124478,0.0641855,0.0,0.124478,-0.1528855,0.0,0.0,0.0,0.0,0.0,0.0,0.0,0.0,0.0
